id,container id,scenario,background,illumination,width at the top,width at the bottom,height,depth,container capacity,container mass,filling type,filling level,filling density,filling mass,object mass,handover starting frame,handover start timestamp,handover hand
0,2,2,1,0,69.0,42.0,72.0,-1.0,185.0,2.0,2,1,0.82,76.0,78.0,-1,-1,-1
1,7,0,0,0,193.0,193.0,241.0,69.0,3209.397,59.0,0,0,0.0,0.0,59.0,-1,-1,-1
2,2,0,1,0,69.0,42.0,72.0,-1.0,185.0,2.0,3,1,1.0,93.0,95.0,-1,-1,-1
3,8,0,1,0,135.0,135.0,164.0,56.0,1239.84,31.0,0,0,0.0,0.0,31.0,-1,-1,-1
4,4,1,1,0,88.0,56.0,91.0,-1.0,296.0,86.0,1,1,0.34,45.0,131.0,-1,-1,-1
5,7,2,1,1,193.0,193.0,241.0,69.0,3209.397,59.0,2,1,0.82,1489.0,1548.0,-1,-1,-1
6,5,0,1,1,81.0,67.0,136.0,-1.0,363.0,134.0,3,1,1.0,182.0,316.0,-1,-1,-1
7,1,1,1,0,98.0,61.0,119.0,-1.0,520.0,10.0,3,1,1.0,260.0,270.0,-1,-1,-1
8,7,0,0,1,193.0,193.0,241.0,69.0,3209.397,59.0,0,0,0.0,0.0,59.0,-1,-1,-1
9,2,2,0,0,69.0,42.0,72.0,-1.0,185.0,2.0,2,1,0.82,76.0,78.0,-1,-1,-1
10,5,0,1,0,81.0,67.0,136.0,-1.0,363.0,134.0,2,1,0.82,146.0,280.0,-1,-1,-1
11,3,2,0,1,69.0,39.0,85.0,-1.0,202.0,3.0,3,2,1.0,182.0,185.0,-1,-1,-1
12,5,2,0,0,81.0,67.0,136.0,-1.0,363.0,134.0,0,0,0.0,0.0,134.0,-1,-1,-1
13,6,1,1,0,49.0,59.0,175.0,-1.0,128.0,15.0,1,1,0.34,22.0,37.0,-1,-1,-1
14,8,1,1,0,135.0,135.0,164.0,56.0,1239.84,31.0,0,0,0.0,0.0,31.0,-1,-1,-1
15,2,1,1,0,69.0,42.0,72.0,-1.0,185.0,2.0,1,1,0.34,35.0,37.0,-1,-1,-1
16,5,0,1,1,81.0,67.0,136.0,-1.0,363.0,134.0,2,2,0.82,262.0,396.0,-1,-1,-1
17,9,2,1,0,80.0,80.0,131.0,45.0,471.6,15.0,0,0,0.0,0.0,15.0,-1,-1,-1
18,5,2,0,0,81.0,67.0,136.0,-1.0,363.0,134.0,2,2,0.82,262.0,396.0,-1,-1,-1
19,8,2,0,1,135.0,135.0,164.0,56.0,1239.84,31.0,1,2,0.34,478.0,509.0,-1,-1,-1
20,6,1,0,1,49.0,59.0,175.0,-1.0,128.0,15.0,2,2,0.82,95.0,110.0,-1,-1,-1
21,4,0,0,1,88.0,56.0,91.0,-1.0,296.0,86.0,2,1,0.82,122.0,208.0,-1,-1,-1
22,5,1,1,1,81.0,67.0,136.0,-1.0,363.0,134.0,1,2,0.34,128.0,262.0,-1,-1,-1
23,3,2,0,0,69.0,39.0,85.0,-1.0,202.0,3.0,1,2,0.34,66.0,69.0,-1,-1,-1
24,9,2,0,1,80.0,80.0,131.0,45.0,471.6,15.0,1,1,0.34,89.0,104.0,-1,-1,-1
25,6,1,0,0,49.0,59.0,175.0,-1.0,128.0,15.0,3,2,1.0,115.0,130.0,-1,-1,-1
26,3,0,1,0,69.0,39.0,85.0,-1.0,202.0,3.0,3,2,1.0,182.0,185.0,-1,-1,-1
27,6,2,1,1,49.0,59.0,175.0,-1.0,128.0,15.0,2,1,0.82,53.0,68.0,-1,-1,-1
28,9,1,0,1,80.0,80.0,131.0,45.0,471.6,15.0,1,1,0.34,89.0,104.0,-1,-1,-1
29,2,0,0,1,69.0,42.0,72.0,-1.0,185.0,2.0,2,2,0.82,137.0,139.0,-1,-1,-1
30,5,1,1,0,81.0,67.0,136.0,-1.0,363.0,134.0,1,1,0.34,71.0,205.0,-1,-1,-1
31,3,1,1,0,69.0,39.0,85.0,-1.0,202.0,3.0,1,1,0.34,36.0,39.0,-1,-1,-1
32,8,1,0,0,135.0,135.0,164.0,56.0,1239.84,31.0,2,1,0.82,602.0,633.0,-1,-1,-1
33,3,1,0,0,69.0,39.0,85.0,-1.0,202.0,3.0,1,1,0.34,36.0,39.0,-1,-1,-1
34,7,1,1,1,193.0,193.0,241.0,69.0,3209.397,59.0,2,1,0.82,1489.0,1548.0,-1,-1,-1
35,3,0,0,1,69.0,39.0,85.0,-1.0,202.0,3.0,2,1,0.82,82.0,85.0,-1,-1,-1
36,2,0,1,0,69.0,42.0,72.0,-1.0,185.0,2.0,0,0,0.0,0.0,2.0,-1,-1,-1
37,2,1,0,1,69.0,42.0,72.0,-1.0,185.0,2.0,3,2,1.0,167.0,169.0,-1,-1,-1
38,8,2,0,0,135.0,135.0,164.0,56.0,1239.84,31.0,1,2,0.34,478.0,509.0,-1,-1,-1
39,2,2,1,0,69.0,42.0,72.0,-1.0,185.0,2.0,2,2,0.82,137.0,139.0,-1,-1,-1
40,5,0,1,1,81.0,67.0,136.0,-1.0,363.0,134.0,1,1,0.34,71.0,205.0,-1,-1,-1
41,4,0,1,1,88.0,56.0,91.0,-1.0,296.0,86.0,0,0,0.0,0.0,86.0,-1,-1,-1
42,4,2,1,0,88.0,56.0,91.0,-1.0,296.0,86.0,0,0,0.0,0.0,86.0,-1,-1,-1
43,1,1,0,1,98.0,61.0,119.0,-1.0,520.0,10.0,2,1,0.82,222.0,232.0,-1,-1,-1
44,7,0,0,0,193.0,193.0,241.0,69.0,3209.397,59.0,1,2,0.34,1291.0,1350.0,-1,-1,-1
45,1,1,1,0,98.0,61.0,119.0,-1.0,520.0,10.0,2,1,0.82,222.0,232.0,-1,-1,-1
46,8,1,0,1,135.0,135.0,164.0,56.0,1239.84,31.0,0,0,0.0,0.0,31.0,-1,-1,-1
47,9,1,0,0,80.0,80.0,131.0,45.0,471.6,15.0,1,2,0.34,159.0,174.0,-1,-1,-1
48,7,0,1,1,193.0,193.0,241.0,69.0,3209.397,59.0,1,2,0.34,1291.0,1350.0,-1,-1,-1
49,1,0,1,0,98.0,61.0,119.0,-1.0,520.0,10.0,0,0,0.0,0.0,10.0,-1,-1,-1
50,4,1,0,0,88.0,56.0,91.0,-1.0,296.0,86.0,3,2,1.0,266.0,352.0,-1,-1,-1
51,9,1,1,1,80.0,80.0,131.0,45.0,471.6,15.0,1,1,0.34,89.0,104.0,-1,-1,-1
52,2,1,0,1,69.0,42.0,72.0,-1.0,185.0,2.0,3,1,1.0,93.0,95.0,-1,-1,-1
53,4,0,1,0,88.0,56.0,91.0,-1.0,296.0,86.0,3,1,1.0,148.0,234.0,-1,-1,-1
54,1,2,1,1,98.0,61.0,119.0,-1.0,520.0,10.0,0,0,0.0,0.0,10.0,-1,-1,-1
55,5,0,0,1,81.0,67.0,136.0,-1.0,363.0,134.0,1,1,0.34,71.0,205.0,-1,-1,-1
56,8,1,0,0,135.0,135.0,164.0,56.0,1239.84,31.0,2,2,0.82,1084.0,1115.0,-1,-1,-1
57,7,1,0,1,193.0,193.0,241.0,69.0,3209.397,59.0,2,1,0.82,1489.0,1548.0,-1,-1,-1
58,4,2,1,1,88.0,56.0,91.0,-1.0,296.0,86.0,2,2,0.82,219.0,305.0,-1,-1,-1
59,7,1,1,1,193.0,193.0,241.0,69.0,3209.397,59.0,1,1,0.34,717.0,776.0,-1,-1,-1
60,8,1,0,0,135.0,135.0,164.0,56.0,1239.84,31.0,1,2,0.34,478.0,509.0,-1,-1,-1
61,8,2,1,1,135.0,135.0,164.0,56.0,1239.84,31.0,2,2,0.82,1084.0,1115.0,-1,-1,-1
62,6,0,0,1,49.0,59.0,175.0,-1.0,128.0,15.0,3,2,1.0,115.0,130.0,-1,-1,-1
63,9,1,1,0,80.0,80.0,131.0,45.0,471.6,15.0,1,2,0.34,159.0,174.0,-1,-1,-1
64,3,1,1,0,69.0,39.0,85.0,-1.0,202.0,3.0,2,2,0.82,147.6,150.6,-1,-1,-1
65,1,0,0,0,98.0,61.0,119.0,-1.0,520.0,10.0,1,2,0.34,195.0,205.0,-1,-1,-1
66,6,1,0,0,49.0,59.0,175.0,-1.0,128.0,15.0,0,0,0.0,0.0,15.0,-1,-1,-1
67,1,1,0,0,98.0,61.0,119.0,-1.0,520.0,10.0,2,2,0.82,399.0,409.0,-1,-1,-1
68,3,0,0,1,69.0,39.0,85.0,-1.0,202.0,3.0,2,2,0.82,147.6,150.6,-1,-1,-1
69,5,1,1,0,81.0,67.0,136.0,-1.0,363.0,134.0,2,1,0.82,146.0,280.0,-1,-1,-1
70,2,0,0,1,69.0,42.0,72.0,-1.0,185.0,2.0,3,1,1.0,93.0,95.0,-1,-1,-1
71,1,2,1,1,98.0,61.0,119.0,-1.0,520.0,10.0,3,1,1.0,260.0,270.0,-1,-1,-1
72,1,1,1,1,98.0,61.0,119.0,-1.0,520.0,10.0,1,2,0.34,195.0,205.0,-1,-1,-1
73,1,2,1,1,98.0,61.0,119.0,-1.0,520.0,10.0,2,1,0.82,222.0,232.0,-1,-1,-1
74,1,0,1,1,98.0,61.0,119.0,-1.0,520.0,10.0,2,1,0.82,222.0,232.0,-1,-1,-1
75,6,1,0,0,49.0,59.0,175.0,-1.0,128.0,15.0,1,1,0.34,22.0,37.0,-1,-1,-1
76,5,1,0,1,81.0,67.0,136.0,-1.0,363.0,134.0,2,2,0.82,262.0,396.0,-1,-1,-1
77,6,2,1,0,49.0,59.0,175.0,-1.0,128.0,15.0,0,0,0.0,0.0,15.0,-1,-1,-1
78,1,0,1,0,98.0,61.0,119.0,-1.0,520.0,10.0,1,1,0.34,109.0,119.0,-1,-1,-1
79,5,1,0,1,81.0,67.0,136.0,-1.0,363.0,134.0,2,1,0.82,146.0,280.0,-1,-1,-1
80,8,2,1,1,135.0,135.0,164.0,56.0,1239.84,31.0,2,1,0.82,602.0,633.0,-1,-1,-1
81,2,2,1,0,69.0,42.0,72.0,-1.0,185.0,2.0,3,2,1.0,167.0,169.0,-1,-1,-1
82,7,1,0,1,193.0,193.0,241.0,69.0,3209.397,59.0,0,0,0.0,0.0,59.0,-1,-1,-1
83,4,2,0,0,88.0,56.0,91.0,-1.0,296.0,86.0,2,2,0.82,219.0,305.0,-1,-1,-1
84,1,2,1,0,98.0,61.0,119.0,-1.0,520.0,10.0,3,2,1.0,468.0,478.0,-1,-1,-1
85,4,2,1,0,88.0,56.0,91.0,-1.0,296.0,86.0,1,2,0.34,89.0,175.0,-1,-1,-1
86,2,0,1,0,69.0,42.0,72.0,-1.0,185.0,2.0,1,1,0.34,35.0,37.0,-1,-1,-1
87,3,1,0,1,69.0,39.0,85.0,-1.0,202.0,3.0,2,2,0.82,147.6,150.6,-1,-1,-1
88,7,0,0,1,193.0,193.0,241.0,69.0,3209.397,59.0,1,1,0.34,717.0,776.0,-1,-1,-1
89,4,0,1,0,88.0,56.0,91.0,-1.0,296.0,86.0,0,0,0.0,0.0,86.0,-1,-1,-1
90,9,1,0,0,80.0,80.0,131.0,45.0,471.6,15.0,0,0,0.0,0.0,15.0,-1,-1,-1
91,9,1,1,0,80.0,80.0,131.0,45.0,471.6,15.0,1,1,0.34,89.0,104.0,-1,-1,-1
92,3,1,0,0,69.0,39.0,85.0,-1.0,202.0,3.0,1,2,0.34,66.0,69.0,-1,-1,-1
93,6,2,1,1,49.0,59.0,175.0,-1.0,128.0,15.0,3,2,1.0,115.0,130.0,-1,-1,-1
94,8,1,0,1,135.0,135.0,164.0,56.0,1239.84,31.0,1,1,0.34,266.0,297.0,-1,-1,-1
95,7,2,0,1,193.0,193.0,241.0,69.0,3209.397,59.0,2,2,0.82,2680.0,2739.0,-1,-1,-1
96,3,0,1,1,69.0,39.0,85.0,-1.0,202.0,3.0,1,2,0.34,66.0,69.0,-1,-1,-1
97,9,0,1,1,80.0,80.0,131.0,45.0,471.6,15.0,1,1,0.34,89.0,104.0,-1,-1,-1
98,4,1,0,1,88.0,56.0,91.0,-1.0,296.0,86.0,1,2,0.34,89.0,175.0,-1,-1,-1
99,5,2,1,0,81.0,67.0,136.0,-1.0,363.0,134.0,0,0,0.0,0.0,134.0,-1,-1,-1
100,9,1,0,0,80.0,80.0,131.0,45.0,471.6,15.0,2,2,0.82,347.0,362.0,-1,-1,-1
101,8,2,1,0,135.0,135.0,164.0,56.0,1239.84,31.0,1,2,0.34,478.0,509.0,-1,-1,-1
102,4,1,0,1,88.0,56.0,91.0,-1.0,296.0,86.0,2,2,0.82,219.0,305.0,-1,-1,-1
103,7,0,1,0,193.0,193.0,241.0,69.0,3209.397,59.0,1,2,0.34,1291.0,1350.0,-1,-1,-1
104,7,1,1,1,193.0,193.0,241.0,69.0,3209.397,59.0,1,2,0.34,1291.0,1350.0,-1,-1,-1
105,9,1,1,1,80.0,80.0,131.0,45.0,471.6,15.0,1,2,0.34,159.0,174.0,-1,-1,-1
106,1,1,1,1,98.0,61.0,119.0,-1.0,520.0,10.0,1,1,0.34,109.0,119.0,-1,-1,-1
107,9,2,0,1,80.0,80.0,131.0,45.0,471.6,15.0,2,1,0.82,193.0,208.0,-1,-1,-1
108,3,1,0,1,69.0,39.0,85.0,-1.0,202.0,3.0,3,1,1.0,101.0,104.0,-1,-1,-1
109,8,2,1,1,135.0,135.0,164.0,56.0,1239.84,31.0,1,2,0.34,478.0,509.0,-1,-1,-1
110,4,2,0,0,88.0,56.0,91.0,-1.0,296.0,86.0,3,1,1.0,148.0,234.0,-1,-1,-1
111,4,0,1,1,88.0,56.0,91.0,-1.0,296.0,86.0,2,1,0.82,122.0,208.0,-1,-1,-1
112,7,2,0,0,193.0,193.0,241.0,69.0,3209.397,59.0,1,1,0.34,717.0,776.0,-1,-1,-1
113,5,2,1,0,81.0,67.0,136.0,-1.0,363.0,134.0,3,2,1.0,327.0,461.0,-1,-1,-1
114,2,0,0,0,69.0,42.0,72.0,-1.0,185.0,2.0,0,0,0.0,0.0,2.0,-1,-1,-1
115,3,0,0,1,69.0,39.0,85.0,-1.0,202.0,3.0,0,0,0.0,0.0,3.0,-1,-1,-1
116,9,1,1,0,80.0,80.0,131.0,45.0,471.6,15.0,2,1,0.82,193.0,208.0,-1,-1,-1
117,6,2,0,0,49.0,59.0,175.0,-1.0,128.0,15.0,3,1,1.0,64.0,79.0,-1,-1,-1
118,5,0,0,0,81.0,67.0,136.0,-1.0,363.0,134.0,3,1,1.0,182.0,316.0,-1,-1,-1
119,1,0,1,1,98.0,61.0,119.0,-1.0,520.0,10.0,0,0,0.0,0.0,10.0,-1,-1,-1
120,6,1,0,1,49.0,59.0,175.0,-1.0,128.0,15.0,3,2,1.0,115.0,130.0,-1,-1,-1
121,4,1,1,1,88.0,56.0,91.0,-1.0,296.0,86.0,2,2,0.82,219.0,305.0,-1,-1,-1
122,6,1,1,1,49.0,59.0,175.0,-1.0,128.0,15.0,3,2,1.0,115.0,130.0,-1,-1,-1
123,9,2,1,1,80.0,80.0,131.0,45.0,471.6,15.0,1,2,0.34,159.0,174.0,-1,-1,-1
124,2,1,0,0,69.0,42.0,72.0,-1.0,185.0,2.0,1,1,0.34,35.0,37.0,-1,-1,-1
125,6,0,1,1,49.0,59.0,175.0,-1.0,128.0,15.0,1,2,0.34,39.0,54.0,-1,-1,-1
126,1,2,1,1,98.0,61.0,119.0,-1.0,520.0,10.0,1,2,0.34,195.0,205.0,-1,-1,-1
127,7,2,1,1,193.0,193.0,241.0,69.0,3209.397,59.0,1,1,0.34,717.0,776.0,-1,-1,-1
128,8,2,0,1,135.0,135.0,164.0,56.0,1239.84,31.0,0,0,0.0,0.0,31.0,-1,-1,-1
129,8,0,0,0,135.0,135.0,164.0,56.0,1239.84,31.0,2,2,0.82,1084.0,1115.0,-1,-1,-1
130,3,1,1,1,69.0,39.0,85.0,-1.0,202.0,3.0,2,2,0.82,147.6,150.6,-1,-1,-1
131,3,0,0,0,69.0,39.0,85.0,-1.0,202.0,3.0,1,2,0.34,66.0,69.0,-1,-1,-1
132,5,2,1,1,81.0,67.0,136.0,-1.0,363.0,134.0,1,1,0.34,71.0,205.0,-1,-1,-1
133,1,0,0,0,98.0,61.0,119.0,-1.0,520.0,10.0,3,2,1.0,468.0,478.0,-1,-1,-1
134,3,2,0,1,69.0,39.0,85.0,-1.0,202.0,3.0,2,1,0.82,82.0,85.0,-1,-1,-1
135,8,2,0,0,135.0,135.0,164.0,56.0,1239.84,31.0,2,2,0.82,1084.0,1115.0,-1,-1,-1
136,4,2,1,0,88.0,56.0,91.0,-1.0,296.0,86.0,1,1,0.34,45.0,131.0,-1,-1,-1
137,5,1,1,0,81.0,67.0,136.0,-1.0,363.0,134.0,3,1,1.0,182.0,316.0,-1,-1,-1
138,2,0,0,0,69.0,42.0,72.0,-1.0,185.0,2.0,2,2,0.82,137.0,139.0,-1,-1,-1
139,6,1,1,1,49.0,59.0,175.0,-1.0,128.0,15.0,2,1,0.82,53.0,68.0,-1,-1,-1
140,6,2,0,0,49.0,59.0,175.0,-1.0,128.0,15.0,1,1,0.34,22.0,37.0,-1,-1,-1
141,1,0,1,0,98.0,61.0,119.0,-1.0,520.0,10.0,2,1,0.82,222.0,232.0,-1,-1,-1
142,2,2,1,0,69.0,42.0,72.0,-1.0,185.0,2.0,1,1,0.34,35.0,37.0,-1,-1,-1
143,7,1,1,0,193.0,193.0,241.0,69.0,3209.397,59.0,2,1,0.82,1489.0,1548.0,-1,-1,-1
144,5,1,1,1,81.0,67.0,136.0,-1.0,363.0,134.0,2,2,0.82,262.0,396.0,-1,-1,-1
145,3,2,0,0,69.0,39.0,85.0,-1.0,202.0,3.0,3,1,1.0,101.0,104.0,-1,-1,-1
146,6,0,0,1,49.0,59.0,175.0,-1.0,128.0,15.0,3,1,1.0,64.0,79.0,-1,-1,-1
147,1,1,1,1,98.0,61.0,119.0,-1.0,520.0,10.0,3,2,1.0,468.0,478.0,-1,-1,-1
148,9,0,0,1,80.0,80.0,131.0,45.0,471.6,15.0,0,0,0.0,0.0,15.0,-1,-1,-1
149,1,1,0,1,98.0,61.0,119.0,-1.0,520.0,10.0,1,2,0.34,195.0,205.0,-1,-1,-1
150,6,1,0,1,49.0,59.0,175.0,-1.0,128.0,15.0,0,0,0.0,0.0,15.0,-1,-1,-1
151,2,2,0,1,69.0,42.0,72.0,-1.0,185.0,2.0,0,0,0.0,0.0,2.0,-1,-1,-1
152,1,0,0,1,98.0,61.0,119.0,-1.0,520.0,10.0,2,2,0.82,399.0,409.0,-1,-1,-1
153,5,2,1,0,81.0,67.0,136.0,-1.0,363.0,134.0,3,1,1.0,182.0,316.0,-1,-1,-1
154,3,2,0,1,69.0,39.0,85.0,-1.0,202.0,3.0,0,0,0.0,0.0,3.0,-1,-1,-1
155,9,2,1,1,80.0,80.0,131.0,45.0,471.6,15.0,1,1,0.34,89.0,104.0,-1,-1,-1
156,2,2,1,0,69.0,42.0,72.0,-1.0,185.0,2.0,0,0,0.0,0.0,2.0,-1,-1,-1
157,2,2,0,0,69.0,42.0,72.0,-1.0,185.0,2.0,3,2,1.0,167.0,169.0,-1,-1,-1
158,7,1,0,0,193.0,193.0,241.0,69.0,3209.397,59.0,1,2,0.34,1291.0,1350.0,-1,-1,-1
159,4,1,0,1,88.0,56.0,91.0,-1.0,296.0,86.0,3,2,1.0,266.0,352.0,-1,-1,-1
160,5,2,0,1,81.0,67.0,136.0,-1.0,363.0,134.0,3,2,1.0,327.0,461.0,-1,-1,-1
161,8,2,1,0,135.0,135.0,164.0,56.0,1239.84,31.0,0,0,0.0,0.0,31.0,-1,-1,-1
162,3,1,1,0,69.0,39.0,85.0,-1.0,202.0,3.0,3,2,1.0,182.0,185.0,-1,-1,-1
163,1,0,0,0,98.0,61.0,119.0,-1.0,520.0,10.0,2,2,0.82,399.0,409.0,-1,-1,-1
164,2,1,1,1,69.0,42.0,72.0,-1.0,185.0,2.0,2,2,0.82,137.0,139.0,-1,-1,-1
165,8,0,1,1,135.0,135.0,164.0,56.0,1239.84,31.0,2,2,0.82,1084.0,1115.0,-1,-1,-1
166,1,1,0,0,98.0,61.0,119.0,-1.0,520.0,10.0,3,1,1.0,260.0,270.0,-1,-1,-1
167,3,2,0,1,69.0,39.0,85.0,-1.0,202.0,3.0,1,2,0.34,66.0,69.0,-1,-1,-1
168,9,1,1,0,80.0,80.0,131.0,45.0,471.6,15.0,2,2,0.82,347.0,362.0,-1,-1,-1
169,8,0,0,1,135.0,135.0,164.0,56.0,1239.84,31.0,2,2,0.82,1084.0,1115.0,-1,-1,-1
170,3,0,0,0,69.0,39.0,85.0,-1.0,202.0,3.0,3,1,1.0,101.0,104.0,-1,-1,-1
171,8,0,0,1,135.0,135.0,164.0,56.0,1239.84,31.0,1,1,0.34,266.0,297.0,-1,-1,-1
172,1,1,0,0,98.0,61.0,119.0,-1.0,520.0,10.0,1,2,0.34,195.0,205.0,-1,-1,-1
173,2,2,0,1,69.0,42.0,72.0,-1.0,185.0,2.0,2,2,0.82,137.0,139.0,-1,-1,-1
174,9,0,0,1,80.0,80.0,131.0,45.0,471.6,15.0,1,2,0.34,159.0,174.0,-1,-1,-1
175,5,2,1,1,81.0,67.0,136.0,-1.0,363.0,134.0,2,1,0.82,146.0,280.0,-1,-1,-1
176,8,2,1,0,135.0,135.0,164.0,56.0,1239.84,31.0,1,1,0.34,266.0,297.0,-1,-1,-1
177,2,1,1,0,69.0,42.0,72.0,-1.0,185.0,2.0,3,1,1.0,93.0,95.0,-1,-1,-1
178,3,0,0,0,69.0,39.0,85.0,-1.0,202.0,3.0,0,0,0.0,0.0,3.0,-1,-1,-1
179,2,0,0,0,69.0,42.0,72.0,-1.0,185.0,2.0,3,1,1.0,93.0,95.0,-1,-1,-1
180,5,1,0,1,81.0,67.0,136.0,-1.0,363.0,134.0,0,0,0.0,0.0,134.0,-1,-1,-1
181,8,0,0,0,135.0,135.0,164.0,56.0,1239.84,31.0,1,1,0.34,266.0,297.0,-1,-1,-1
182,4,0,1,1,88.0,56.0,91.0,-1.0,296.0,86.0,1,1,0.34,45.0,131.0,-1,-1,-1
183,4,0,0,1,88.0,56.0,91.0,-1.0,296.0,86.0,2,2,0.82,219.0,305.0,-1,-1,-1
184,3,1,1,0,69.0,39.0,85.0,-1.0,202.0,3.0,3,1,1.0,101.0,104.0,-1,-1,-1
185,3,2,1,0,69.0,39.0,85.0,-1.0,202.0,3.0,2,1,0.82,82.0,85.0,-1,-1,-1
186,3,1,0,1,69.0,39.0,85.0,-1.0,202.0,3.0,3,2,1.0,182.0,185.0,-1,-1,-1
187,3,2,0,0,69.0,39.0,85.0,-1.0,202.0,3.0,2,2,0.82,147.6,150.6,-1,-1,-1
188,5,1,0,1,81.0,67.0,136.0,-1.0,363.0,134.0,1,1,0.34,71.0,205.0,-1,-1,-1
189,1,1,0,0,98.0,61.0,119.0,-1.0,520.0,10.0,1,1,0.34,109.0,119.0,-1,-1,-1
190,4,0,0,0,88.0,56.0,91.0,-1.0,296.0,86.0,1,1,0.34,45.0,131.0,-1,-1,-1
191,5,2,1,1,81.0,67.0,136.0,-1.0,363.0,134.0,3,2,1.0,327.0,461.0,-1,-1,-1
192,1,2,0,1,98.0,61.0,119.0,-1.0,520.0,10.0,2,2,0.82,399.0,409.0,-1,-1,-1
193,5,0,0,1,81.0,67.0,136.0,-1.0,363.0,134.0,2,2,0.82,262.0,396.0,-1,-1,-1
194,7,1,0,0,193.0,193.0,241.0,69.0,3209.397,59.0,1,1,0.34,717.0,776.0,-1,-1,-1
195,4,0,0,1,88.0,56.0,91.0,-1.0,296.0,86.0,0,0,0.0,0.0,86.0,-1,-1,-1
196,7,2,1,0,193.0,193.0,241.0,69.0,3209.397,59.0,0,0,0.0,0.0,59.0,-1,-1,-1
197,8,0,1,0,135.0,135.0,164.0,56.0,1239.84,31.0,2,2,0.82,1084.0,1115.0,-1,-1,-1
198,3,2,0,1,69.0,39.0,85.0,-1.0,202.0,3.0,1,1,0.34,36.0,39.0,-1,-1,-1
199,4,1,0,0,88.0,56.0,91.0,-1.0,296.0,86.0,3,1,1.0,148.0,234.0,-1,-1,-1
200,8,1,1,1,135.0,135.0,164.0,56.0,1239.84,31.0,1,1,0.34,266.0,297.0,-1,-1,-1
201,4,2,0,0,88.0,56.0,91.0,-1.0,296.0,86.0,1,1,0.34,45.0,131.0,-1,-1,-1
202,4,0,0,0,88.0,56.0,91.0,-1.0,296.0,86.0,0,0,0.0,0.0,86.0,-1,-1,-1
203,2,0,0,1,69.0,42.0,72.0,-1.0,185.0,2.0,3,2,1.0,167.0,169.0,-1,-1,-1
204,7,0,0,0,193.0,193.0,241.0,69.0,3209.397,59.0,2,2,0.82,2680.0,2739.0,-1,-1,-1
205,6,0,0,1,49.0,59.0,175.0,-1.0,128.0,15.0,0,0,0.0,0.0,15.0,-1,-1,-1
206,5,0,1,1,81.0,67.0,136.0,-1.0,363.0,134.0,2,1,0.82,146.0,280.0,-1,-1,-1
207,7,0,0,0,193.0,193.0,241.0,69.0,3209.397,59.0,2,1,0.82,1489.0,1548.0,-1,-1,-1
208,5,0,1,1,81.0,67.0,136.0,-1.0,363.0,134.0,1,2,0.34,128.0,262.0,-1,-1,-1
209,3,2,1,1,69.0,39.0,85.0,-1.0,202.0,3.0,2,2,0.82,147.6,150.6,-1,-1,-1
210,2,1,1,1,69.0,42.0,72.0,-1.0,185.0,2.0,3,1,1.0,93.0,95.0,-1,-1,-1
211,1,0,0,1,98.0,61.0,119.0,-1.0,520.0,10.0,1,2,0.34,195.0,205.0,-1,-1,-1
212,2,2,1,1,69.0,42.0,72.0,-1.0,185.0,2.0,2,1,0.82,76.0,78.0,-1,-1,-1
213,3,1,1,1,69.0,39.0,85.0,-1.0,202.0,3.0,0,0,0.0,0.0,3.0,-1,-1,-1
214,9,2,0,0,80.0,80.0,131.0,45.0,471.6,15.0,2,2,0.82,347.0,362.0,-1,-1,-1
215,7,1,0,0,193.0,193.0,241.0,69.0,3209.397,59.0,2,2,0.82,2680.0,2739.0,-1,-1,-1
216,6,2,1,0,49.0,59.0,175.0,-1.0,128.0,15.0,3,1,1.0,64.0,79.0,-1,-1,-1
217,6,0,0,0,49.0,59.0,175.0,-1.0,128.0,15.0,0,0,0.0,0.0,15.0,-1,-1,-1
218,6,2,1,1,49.0,59.0,175.0,-1.0,128.0,15.0,1,2,0.34,39.0,54.0,-1,-1,-1
219,6,1,1,0,49.0,59.0,175.0,-1.0,128.0,15.0,3,1,1.0,64.0,79.0,-1,-1,-1
220,1,2,0,1,98.0,61.0,119.0,-1.0,520.0,10.0,0,0,0.0,0.0,10.0,-1,-1,-1
221,3,1,0,1,69.0,39.0,85.0,-1.0,202.0,3.0,1,2,0.34,66.0,69.0,-1,-1,-1
222,6,2,0,1,49.0,59.0,175.0,-1.0,128.0,15.0,0,0,0.0,0.0,15.0,-1,-1,-1
223,9,1,0,0,80.0,80.0,131.0,45.0,471.6,15.0,2,1,0.82,193.0,208.0,-1,-1,-1
224,4,1,0,1,88.0,56.0,91.0,-1.0,296.0,86.0,1,1,0.34,45.0,131.0,-1,-1,-1
225,4,1,1,1,88.0,56.0,91.0,-1.0,296.0,86.0,1,2,0.34,89.0,175.0,-1,-1,-1
226,2,2,0,1,69.0,42.0,72.0,-1.0,185.0,2.0,1,1,0.34,35.0,37.0,-1,-1,-1
227,1,0,0,0,98.0,61.0,119.0,-1.0,520.0,10.0,1,1,0.34,109.0,119.0,-1,-1,-1
228,6,0,0,0,49.0,59.0,175.0,-1.0,128.0,15.0,1,1,0.34,22.0,37.0,-1,-1,-1
229,2,0,0,0,69.0,42.0,72.0,-1.0,185.0,2.0,1,1,0.34,35.0,37.0,-1,-1,-1
230,9,1,1,1,80.0,80.0,131.0,45.0,471.6,15.0,2,2,0.82,347.0,362.0,-1,-1,-1
231,1,2,0,1,98.0,61.0,119.0,-1.0,520.0,10.0,2,1,0.82,222.0,232.0,-1,-1,-1
232,5,1,0,0,81.0,67.0,136.0,-1.0,363.0,134.0,1,1,0.34,71.0,205.0,-1,-1,-1
233,1,2,1,1,98.0,61.0,119.0,-1.0,520.0,10.0,2,2,0.82,399.0,409.0,-1,-1,-1
234,8,2,0,0,135.0,135.0,164.0,56.0,1239.84,31.0,1,1,0.34,266.0,297.0,-1,-1,-1
235,8,0,1,1,135.0,135.0,164.0,56.0,1239.84,31.0,2,1,0.82,602.0,633.0,-1,-1,-1
236,8,0,0,0,135.0,135.0,164.0,56.0,1239.84,31.0,2,1,0.82,602.0,633.0,-1,-1,-1
237,4,0,1,0,88.0,56.0,91.0,-1.0,296.0,86.0,3,2,1.0,266.0,352.0,-1,-1,-1
238,2,0,1,1,69.0,42.0,72.0,-1.0,185.0,2.0,1,2,0.34,63.0,65.0,-1,-1,-1
239,1,1,1,0,98.0,61.0,119.0,-1.0,520.0,10.0,1,1,0.34,109.0,119.0,-1,-1,-1
240,3,2,0,0,69.0,39.0,85.0,-1.0,202.0,3.0,3,2,1.0,182.0,185.0,-1,-1,-1
241,2,2,0,1,69.0,42.0,72.0,-1.0,185.0,2.0,3,2,1.0,167.0,169.0,-1,-1,-1
242,5,1,1,1,81.0,67.0,136.0,-1.0,363.0,134.0,3,2,1.0,327.0,461.0,-1,-1,-1
243,9,2,1,1,80.0,80.0,131.0,45.0,471.6,15.0,2,2,0.82,347.0,362.0,-1,-1,-1
244,5,1,1,1,81.0,67.0,136.0,-1.0,363.0,134.0,2,1,0.82,146.0,280.0,-1,-1,-1
245,5,1,1,1,81.0,67.0,136.0,-1.0,363.0,134.0,0,0,0.0,0.0,134.0,-1,-1,-1
246,2,0,1,0,69.0,42.0,72.0,-1.0,185.0,2.0,2,2,0.82,137.0,139.0,-1,-1,-1
247,2,0,1,0,69.0,42.0,72.0,-1.0,185.0,2.0,2,1,0.82,76.0,78.0,-1,-1,-1
248,1,0,1,1,98.0,61.0,119.0,-1.0,520.0,10.0,3,1,1.0,260.0,270.0,-1,-1,-1
249,2,0,0,0,69.0,42.0,72.0,-1.0,185.0,2.0,2,1,0.82,76.0,78.0,-1,-1,-1
250,4,1,1,0,88.0,56.0,91.0,-1.0,296.0,86.0,3,2,1.0,266.0,352.0,-1,-1,-1
251,4,2,1,0,88.0,56.0,91.0,-1.0,296.0,86.0,3,1,1.0,148.0,234.0,-1,-1,-1
252,1,2,0,0,98.0,61.0,119.0,-1.0,520.0,10.0,2,2,0.82,399.0,409.0,-1,-1,-1
253,4,0,0,1,88.0,56.0,91.0,-1.0,296.0,86.0,1,2,0.34,89.0,175.0,-1,-1,-1
254,4,2,0,1,88.0,56.0,91.0,-1.0,296.0,86.0,0,0,0.0,0.0,86.0,-1,-1,-1
255,2,1,0,0,69.0,42.0,72.0,-1.0,185.0,2.0,2,1,0.82,76.0,78.0,-1,-1,-1
256,4,0,0,1,88.0,56.0,91.0,-1.0,296.0,86.0,3,2,1.0,266.0,352.0,-1,-1,-1
257,8,1,0,0,135.0,135.0,164.0,56.0,1239.84,31.0,1,1,0.34,266.0,297.0,-1,-1,-1
258,9,2,0,0,80.0,80.0,131.0,45.0,471.6,15.0,1,2,0.34,159.0,174.0,-1,-1,-1
259,3,2,1,0,69.0,39.0,85.0,-1.0,202.0,3.0,3,1,1.0,101.0,104.0,-1,-1,-1
260,2,2,1,1,69.0,42.0,72.0,-1.0,185.0,2.0,0,0,0.0,0.0,2.0,-1,-1,-1
261,7,2,1,0,193.0,193.0,241.0,69.0,3209.397,59.0,1,2,0.34,1291.0,1350.0,-1,-1,-1
262,1,2,0,0,98.0,61.0,119.0,-1.0,520.0,10.0,3,2,1.0,468.0,478.0,-1,-1,-1
263,4,1,1,0,88.0,56.0,91.0,-1.0,296.0,86.0,0,0,0.0,0.0,86.0,-1,-1,-1
264,5,1,0,1,81.0,67.0,136.0,-1.0,363.0,134.0,3,2,1.0,327.0,461.0,-1,-1,-1
265,6,2,0,1,49.0,59.0,175.0,-1.0,128.0,15.0,3,2,1.0,115.0,130.0,-1,-1,-1
266,5,0,0,0,81.0,67.0,136.0,-1.0,363.0,134.0,1,2,0.34,128.0,262.0,-1,-1,-1
267,2,0,1,1,69.0,42.0,72.0,-1.0,185.0,2.0,3,2,1.0,167.0,169.0,-1,-1,-1
268,5,2,0,0,81.0,67.0,136.0,-1.0,363.0,134.0,1,2,0.34,128.0,262.0,-1,-1,-1
269,6,1,1,0,49.0,59.0,175.0,-1.0,128.0,15.0,0,0,0.0,0.0,15.0,-1,-1,-1
270,9,0,0,0,80.0,80.0,131.0,45.0,471.6,15.0,1,2,0.34,159.0,174.0,-1,-1,-1
271,1,0,1,0,98.0,61.0,119.0,-1.0,520.0,10.0,2,2,0.82,399.0,409.0,-1,-1,-1
272,1,0,1,0,98.0,61.0,119.0,-1.0,520.0,10.0,3,1,1.0,260.0,270.0,-1,-1,-1
273,2,0,1,1,69.0,42.0,72.0,-1.0,185.0,2.0,2,1,0.82,76.0,78.0,-1,-1,-1
274,5,0,0,1,81.0,67.0,136.0,-1.0,363.0,134.0,3,2,1.0,327.0,461.0,-1,-1,-1
275,3,2,0,0,69.0,39.0,85.0,-1.0,202.0,3.0,2,1,0.82,82.0,85.0,-1,-1,-1
276,8,1,1,0,135.0,135.0,164.0,56.0,1239.84,31.0,1,1,0.34,266.0,297.0,-1,-1,-1
277,8,2,0,1,135.0,135.0,164.0,56.0,1239.84,31.0,1,1,0.34,266.0,297.0,-1,-1,-1
278,6,1,0,0,49.0,59.0,175.0,-1.0,128.0,15.0,3,1,1.0,64.0,79.0,-1,-1,-1
279,4,0,0,0,88.0,56.0,91.0,-1.0,296.0,86.0,3,2,1.0,266.0,352.0,-1,-1,-1
280,7,1,0,0,193.0,193.0,241.0,69.0,3209.397,59.0,2,1,0.82,1489.0,1548.0,-1,-1,-1
281,2,2,1,1,69.0,42.0,72.0,-1.0,185.0,2.0,2,2,0.82,137.0,139.0,-1,-1,-1
282,6,2,0,0,49.0,59.0,175.0,-1.0,128.0,15.0,2,1,0.82,53.0,68.0,-1,-1,-1
283,1,2,0,1,98.0,61.0,119.0,-1.0,520.0,10.0,3,2,1.0,468.0,478.0,-1,-1,-1
284,6,2,1,1,49.0,59.0,175.0,-1.0,128.0,15.0,1,1,0.34,22.0,37.0,-1,-1,-1
285,3,0,1,1,69.0,39.0,85.0,-1.0,202.0,3.0,0,0,0.0,0.0,3.0,-1,-1,-1
286,6,2,1,1,49.0,59.0,175.0,-1.0,128.0,15.0,3,1,1.0,64.0,79.0,-1,-1,-1
287,1,2,1,0,98.0,61.0,119.0,-1.0,520.0,10.0,3,1,1.0,260.0,270.0,-1,-1,-1
288,4,1,0,0,88.0,56.0,91.0,-1.0,296.0,86.0,1,1,0.34,45.0,131.0,-1,-1,-1
289,1,2,0,1,98.0,61.0,119.0,-1.0,520.0,10.0,3,1,1.0,260.0,270.0,-1,-1,-1
290,5,2,0,0,81.0,67.0,136.0,-1.0,363.0,134.0,1,1,0.34,71.0,205.0,-1,-1,-1
291,6,0,1,1,49.0,59.0,175.0,-1.0,128.0,15.0,0,0,0.0,0.0,15.0,-1,-1,-1
292,3,0,1,1,69.0,39.0,85.0,-1.0,202.0,3.0,3,1,1.0,101.0,104.0,-1,-1,-1
293,2,2,0,0,69.0,42.0,72.0,-1.0,185.0,2.0,1,1,0.34,35.0,37.0,-1,-1,-1
294,5,1,0,0,81.0,67.0,136.0,-1.0,363.0,134.0,3,1,1.0,182.0,316.0,-1,-1,-1
295,9,0,1,1,80.0,80.0,131.0,45.0,471.6,15.0,2,2,0.82,347.0,362.0,-1,-1,-1
296,7,1,1,1,193.0,193.0,241.0,69.0,3209.397,59.0,0,0,0.0,0.0,59.0,-1,-1,-1
297,3,2,1,0,69.0,39.0,85.0,-1.0,202.0,3.0,1,2,0.34,66.0,69.0,-1,-1,-1
298,8,0,1,1,135.0,135.0,164.0,56.0,1239.84,31.0,0,0,0.0,0.0,31.0,-1,-1,-1
299,3,0,1,0,69.0,39.0,85.0,-1.0,202.0,3.0,1,2,0.34,66.0,69.0,-1,-1,-1
300,6,0,1,1,49.0,59.0,175.0,-1.0,128.0,15.0,2,2,0.82,95.0,110.0,-1,-1,-1
301,6,0,1,0,49.0,59.0,175.0,-1.0,128.0,15.0,3,2,1.0,115.0,130.0,-1,-1,-1
302,2,2,0,0,69.0,42.0,72.0,-1.0,185.0,2.0,2,2,0.82,137.0,139.0,-1,-1,-1
303,2,2,1,1,69.0,42.0,72.0,-1.0,185.0,2.0,3,2,1.0,167.0,169.0,-1,-1,-1
304,3,1,0,0,69.0,39.0,85.0,-1.0,202.0,3.0,3,1,1.0,101.0,104.0,-1,-1,-1
305,2,2,0,1,69.0,42.0,72.0,-1.0,185.0,2.0,2,1,0.82,76.0,78.0,-1,-1,-1
306,9,0,0,1,80.0,80.0,131.0,45.0,471.6,15.0,2,2,0.82,347.0,362.0,-1,-1,-1
307,6,1,1,0,49.0,59.0,175.0,-1.0,128.0,15.0,2,1,0.82,53.0,68.0,-1,-1,-1
308,6,0,1,0,49.0,59.0,175.0,-1.0,128.0,15.0,2,1,0.82,53.0,68.0,-1,-1,-1
309,8,0,0,1,135.0,135.0,164.0,56.0,1239.84,31.0,1,2,0.34,478.0,509.0,-1,-1,-1
310,7,2,0,1,193.0,193.0,241.0,69.0,3209.397,59.0,2,1,0.82,1489.0,1548.0,-1,-1,-1
311,9,0,1,0,80.0,80.0,131.0,45.0,471.6,15.0,1,1,0.34,89.0,104.0,-1,-1,-1
312,5,0,0,0,81.0,67.0,136.0,-1.0,363.0,134.0,0,0,0.0,0.0,134.0,-1,-1,-1
313,1,1,0,0,98.0,61.0,119.0,-1.0,520.0,10.0,3,2,1.0,468.0,478.0,-1,-1,-1
314,5,0,0,1,81.0,67.0,136.0,-1.0,363.0,134.0,3,1,1.0,182.0,316.0,-1,-1,-1
315,6,0,1,0,49.0,59.0,175.0,-1.0,128.0,15.0,2,2,0.82,95.0,110.0,-1,-1,-1
316,5,0,0,1,81.0,67.0,136.0,-1.0,363.0,134.0,1,2,0.34,128.0,262.0,-1,-1,-1
317,1,0,1,0,98.0,61.0,119.0,-1.0,520.0,10.0,1,2,0.34,195.0,205.0,-1,-1,-1
318,7,1,0,1,193.0,193.0,241.0,69.0,3209.397,59.0,2,2,0.82,2680.0,2739.0,-1,-1,-1
319,4,0,1,1,88.0,56.0,91.0,-1.0,296.0,86.0,3,1,1.0,148.0,234.0,-1,-1,-1
320,3,1,0,0,69.0,39.0,85.0,-1.0,202.0,3.0,0,0,0.0,0.0,3.0,-1,-1,-1
321,8,0,1,1,135.0,135.0,164.0,56.0,1239.84,31.0,1,1,0.34,266.0,297.0,-1,-1,-1
322,8,1,1,0,135.0,135.0,164.0,56.0,1239.84,31.0,1,2,0.34,478.0,509.0,-1,-1,-1
323,3,1,1,1,69.0,39.0,85.0,-1.0,202.0,3.0,1,1,0.34,36.0,39.0,-1,-1,-1
324,6,0,1,1,49.0,59.0,175.0,-1.0,128.0,15.0,1,1,0.34,22.0,37.0,-1,-1,-1
325,9,2,1,0,80.0,80.0,131.0,45.0,471.6,15.0,2,1,0.82,193.0,208.0,-1,-1,-1
326,6,0,1,0,49.0,59.0,175.0,-1.0,128.0,15.0,0,0,0.0,0.0,15.0,-1,-1,-1
327,6,0,0,1,49.0,59.0,175.0,-1.0,128.0,15.0,1,1,0.34,22.0,37.0,-1,-1,-1
328,3,1,0,0,69.0,39.0,85.0,-1.0,202.0,3.0,2,1,0.82,82.0,85.0,-1,-1,-1
329,9,2,0,1,80.0,80.0,131.0,45.0,471.6,15.0,0,0,0.0,0.0,15.0,-1,-1,-1
330,4,2,0,1,88.0,56.0,91.0,-1.0,296.0,86.0,1,1,0.34,45.0,131.0,-1,-1,-1
331,1,0,1,1,98.0,61.0,119.0,-1.0,520.0,10.0,3,2,1.0,468.0,478.0,-1,-1,-1
332,7,1,1,1,193.0,193.0,241.0,69.0,3209.397,59.0,2,2,0.82,2680.0,2739.0,-1,-1,-1
333,5,0,1,0,81.0,67.0,136.0,-1.0,363.0,134.0,2,2,0.82,262.0,396.0,-1,-1,-1
334,4,2,1,0,88.0,56.0,91.0,-1.0,296.0,86.0,2,1,0.82,122.0,208.0,-1,-1,-1
335,5,1,0,0,81.0,67.0,136.0,-1.0,363.0,134.0,1,2,0.34,128.0,262.0,-1,-1,-1
336,7,0,1,0,193.0,193.0,241.0,69.0,3209.397,59.0,2,2,0.82,2680.0,2739.0,-1,-1,-1
337,8,1,1,0,135.0,135.0,164.0,56.0,1239.84,31.0,2,2,0.82,1084.0,1115.0,-1,-1,-1
338,4,0,0,0,88.0,56.0,91.0,-1.0,296.0,86.0,3,1,1.0,148.0,234.0,-1,-1,-1
339,7,0,1,1,193.0,193.0,241.0,69.0,3209.397,59.0,2,1,0.82,1489.0,1548.0,-1,-1,-1
340,4,1,0,1,88.0,56.0,91.0,-1.0,296.0,86.0,2,1,0.82,122.0,208.0,-1,-1,-1
341,3,1,1,0,69.0,39.0,85.0,-1.0,202.0,3.0,2,1,0.82,82.0,85.0,-1,-1,-1
342,9,1,1,1,80.0,80.0,131.0,45.0,471.6,15.0,2,1,0.82,193.0,208.0,-1,-1,-1
343,9,0,0,1,80.0,80.0,131.0,45.0,471.6,15.0,2,1,0.82,193.0,208.0,-1,-1,-1
344,4,2,0,1,88.0,56.0,91.0,-1.0,296.0,86.0,1,2,0.34,89.0,175.0,-1,-1,-1
345,7,1,1,0,193.0,193.0,241.0,69.0,3209.397,59.0,1,1,0.34,717.0,776.0,-1,-1,-1
346,7,2,1,0,193.0,193.0,241.0,69.0,3209.397,59.0,2,1,0.82,1489.0,1548.0,-1,-1,-1
347,2,2,0,1,69.0,42.0,72.0,-1.0,185.0,2.0,1,2,0.34,63.0,65.0,-1,-1,-1
348,4,1,0,1,88.0,56.0,91.0,-1.0,296.0,86.0,3,1,1.0,148.0,234.0,-1,-1,-1
349,5,1,0,0,81.0,67.0,136.0,-1.0,363.0,134.0,0,0,0.0,0.0,134.0,-1,-1,-1
350,9,1,0,1,80.0,80.0,131.0,45.0,471.6,15.0,0,0,0.0,0.0,15.0,-1,-1,-1
351,7,0,1,1,193.0,193.0,241.0,69.0,3209.397,59.0,0,0,0.0,0.0,59.0,-1,-1,-1
352,6,2,1,0,49.0,59.0,175.0,-1.0,128.0,15.0,2,1,0.82,53.0,68.0,-1,-1,-1
353,6,1,0,1,49.0,59.0,175.0,-1.0,128.0,15.0,3,1,1.0,64.0,79.0,-1,-1,-1
354,6,2,0,1,49.0,59.0,175.0,-1.0,128.0,15.0,1,1,0.34,22.0,37.0,-1,-1,-1
355,7,1,0,1,193.0,193.0,241.0,69.0,3209.397,59.0,1,2,0.34,1291.0,1350.0,-1,-1,-1
356,1,2,0,0,98.0,61.0,119.0,-1.0,520.0,10.0,3,1,1.0,260.0,270.0,-1,-1,-1
357,6,2,0,1,49.0,59.0,175.0,-1.0,128.0,15.0,3,1,1.0,64.0,79.0,-1,-1,-1
358,2,1,0,1,69.0,42.0,72.0,-1.0,185.0,2.0,2,1,0.82,76.0,78.0,-1,-1,-1
359,6,2,1,0,49.0,59.0,175.0,-1.0,128.0,15.0,2,2,0.82,95.0,110.0,-1,-1,-1
360,8,1,1,0,135.0,135.0,164.0,56.0,1239.84,31.0,2,1,0.82,602.0,633.0,-1,-1,-1
361,1,1,1,0,98.0,61.0,119.0,-1.0,520.0,10.0,0,0,0.0,0.0,10.0,-1,-1,-1
362,3,0,0,0,69.0,39.0,85.0,-1.0,202.0,3.0,1,1,0.34,36.0,39.0,-1,-1,-1
363,9,0,1,0,80.0,80.0,131.0,45.0,471.6,15.0,0,0,0.0,0.0,15.0,-1,-1,-1
364,3,2,1,0,69.0,39.0,85.0,-1.0,202.0,3.0,2,2,0.82,147.6,150.6,-1,-1,-1
365,5,1,0,0,81.0,67.0,136.0,-1.0,363.0,134.0,3,2,1.0,327.0,461.0,-1,-1,-1
366,4,0,1,0,88.0,56.0,91.0,-1.0,296.0,86.0,1,2,0.34,89.0,175.0,-1,-1,-1
367,5,2,0,1,81.0,67.0,136.0,-1.0,363.0,134.0,1,1,0.34,71.0,205.0,-1,-1,-1
368,3,1,1,0,69.0,39.0,85.0,-1.0,202.0,3.0,0,0,0.0,0.0,3.0,-1,-1,-1
369,4,1,1,1,88.0,56.0,91.0,-1.0,296.0,86.0,3,1,1.0,148.0,234.0,-1,-1,-1
370,4,0,1,0,88.0,56.0,91.0,-1.0,296.0,86.0,2,1,0.82,122.0,208.0,-1,-1,-1
371,1,2,1,0,98.0,61.0,119.0,-1.0,520.0,10.0,2,2,0.82,399.0,409.0,-1,-1,-1
372,3,0,0,1,69.0,39.0,85.0,-1.0,202.0,3.0,3,2,1.0,182.0,185.0,-1,-1,-1
373,5,2,0,1,81.0,67.0,136.0,-1.0,363.0,134.0,3,1,1.0,182.0,316.0,-1,-1,-1
374,6,2,0,1,49.0,59.0,175.0,-1.0,128.0,15.0,2,1,0.82,53.0,68.0,-1,-1,-1
375,5,0,1,0,81.0,67.0,136.0,-1.0,363.0,134.0,3,2,1.0,327.0,461.0,-1,-1,-1
376,7,0,0,1,193.0,193.0,241.0,69.0,3209.397,59.0,2,2,0.82,2680.0,2739.0,-1,-1,-1
377,1,2,1,0,98.0,61.0,119.0,-1.0,520.0,10.0,1,2,0.34,195.0,205.0,-1,-1,-1
378,9,2,0,1,80.0,80.0,131.0,45.0,471.6,15.0,1,2,0.34,159.0,174.0,-1,-1,-1
379,8,0,1,0,135.0,135.0,164.0,56.0,1239.84,31.0,1,2,0.34,478.0,509.0,-1,-1,-1
380,6,2,0,0,49.0,59.0,175.0,-1.0,128.0,15.0,2,2,0.82,95.0,110.0,-1,-1,-1
381,8,0,0,1,135.0,135.0,164.0,56.0,1239.84,31.0,0,0,0.0,0.0,31.0,-1,-1,-1
382,3,0,1,0,69.0,39.0,85.0,-1.0,202.0,3.0,2,2,0.82,147.6,150.6,-1,-1,-1
383,3,1,0,0,69.0,39.0,85.0,-1.0,202.0,3.0,3,2,1.0,182.0,185.0,-1,-1,-1
384,5,0,0,0,81.0,67.0,136.0,-1.0,363.0,134.0,3,2,1.0,327.0,461.0,-1,-1,-1
385,1,2,0,0,98.0,61.0,119.0,-1.0,520.0,10.0,0,0,0.0,0.0,10.0,-1,-1,-1
386,9,1,0,1,80.0,80.0,131.0,45.0,471.6,15.0,2,1,0.82,193.0,208.0,-1,-1,-1
387,8,2,1,0,135.0,135.0,164.0,56.0,1239.84,31.0,2,2,0.82,1084.0,1115.0,-1,-1,-1
388,3,1,0,1,69.0,39.0,85.0,-1.0,202.0,3.0,0,0,0.0,0.0,3.0,-1,-1,-1
389,4,0,1,0,88.0,56.0,91.0,-1.0,296.0,86.0,1,1,0.34,45.0,131.0,-1,-1,-1
390,1,1,0,1,98.0,61.0,119.0,-1.0,520.0,10.0,2,2,0.82,399.0,409.0,-1,-1,-1
391,5,0,0,0,81.0,67.0,136.0,-1.0,363.0,134.0,2,1,0.82,146.0,280.0,-1,-1,-1
392,1,0,1,1,98.0,61.0,119.0,-1.0,520.0,10.0,1,1,0.34,109.0,119.0,-1,-1,-1
393,5,0,1,0,81.0,67.0,136.0,-1.0,363.0,134.0,0,0,0.0,0.0,134.0,-1,-1,-1
394,9,0,1,0,80.0,80.0,131.0,45.0,471.6,15.0,1,2,0.34,159.0,174.0,-1,-1,-1
395,7,1,1,0,193.0,193.0,241.0,69.0,3209.397,59.0,2,2,0.82,2680.0,2739.0,-1,-1,-1
396,9,0,1,1,80.0,80.0,131.0,45.0,471.6,15.0,1,2,0.34,159.0,174.0,-1,-1,-1
397,3,2,1,0,69.0,39.0,85.0,-1.0,202.0,3.0,1,1,0.34,36.0,39.0,-1,-1,-1
398,9,2,1,1,80.0,80.0,131.0,45.0,471.6,15.0,2,1,0.82,193.0,208.0,-1,-1,-1
399,4,0,1,0,88.0,56.0,91.0,-1.0,296.0,86.0,2,2,0.82,219.0,305.0,-1,-1,-1
400,1,1,1,1,98.0,61.0,119.0,-1.0,520.0,10.0,0,0,0.0,0.0,10.0,-1,-1,-1
401,6,2,0,1,49.0,59.0,175.0,-1.0,128.0,15.0,2,2,0.82,95.0,110.0,-1,-1,-1
402,7,2,0,0,193.0,193.0,241.0,69.0,3209.397,59.0,2,1,0.82,1489.0,1548.0,-1,-1,-1
403,1,2,0,0,98.0,61.0,119.0,-1.0,520.0,10.0,1,2,0.34,195.0,205.0,-1,-1,-1
404,6,0,0,0,49.0,59.0,175.0,-1.0,128.0,15.0,2,1,0.82,53.0,68.0,-1,-1,-1
405,2,2,1,0,69.0,42.0,72.0,-1.0,185.0,2.0,1,2,0.34,63.0,65.0,-1,-1,-1
406,9,1,1,0,80.0,80.0,131.0,45.0,471.6,15.0,0,0,0.0,0.0,15.0,-1,-1,-1
407,6,0,1,0,49.0,59.0,175.0,-1.0,128.0,15.0,3,1,1.0,64.0,79.0,-1,-1,-1
408,2,1,0,0,69.0,42.0,72.0,-1.0,185.0,2.0,2,2,0.82,137.0,139.0,-1,-1,-1
409,1,0,0,0,98.0,61.0,119.0,-1.0,520.0,10.0,2,1,0.82,222.0,232.0,-1,-1,-1
410,8,1,0,0,135.0,135.0,164.0,56.0,1239.84,31.0,0,0,0.0,0.0,31.0,-1,-1,-1
411,9,0,0,1,80.0,80.0,131.0,45.0,471.6,15.0,1,1,0.34,89.0,104.0,-1,-1,-1
412,6,0,0,0,49.0,59.0,175.0,-1.0,128.0,15.0,1,2,0.34,39.0,54.0,-1,-1,-1
413,4,2,1,1,88.0,56.0,91.0,-1.0,296.0,86.0,3,1,1.0,148.0,234.0,-1,-1,-1
414,9,2,0,0,80.0,80.0,131.0,45.0,471.6,15.0,1,1,0.34,89.0,104.0,-1,-1,-1
415,3,0,1,1,69.0,39.0,85.0,-1.0,202.0,3.0,3,2,1.0,182.0,185.0,-1,-1,-1
416,8,0,1,0,135.0,135.0,164.0,56.0,1239.84,31.0,2,1,0.82,602.0,633.0,-1,-1,-1
417,5,1,1,0,81.0,67.0,136.0,-1.0,363.0,134.0,0,0,0.0,0.0,134.0,-1,-1,-1
418,5,2,1,0,81.0,67.0,136.0,-1.0,363.0,134.0,1,1,0.34,71.0,205.0,-1,-1,-1
419,1,2,1,0,98.0,61.0,119.0,-1.0,520.0,10.0,0,0,0.0,0.0,10.0,-1,-1,-1
420,4,1,1,0,88.0,56.0,91.0,-1.0,296.0,86.0,1,2,0.34,89.0,175.0,-1,-1,-1
421,6,0,1,1,49.0,59.0,175.0,-1.0,128.0,15.0,2,1,0.82,53.0,68.0,-1,-1,-1
422,4,1,1,0,88.0,56.0,91.0,-1.0,296.0,86.0,3,1,1.0,148.0,234.0,-1,-1,-1
423,4,2,1,0,88.0,56.0,91.0,-1.0,296.0,86.0,3,2,1.0,266.0,352.0,-1,-1,-1
424,5,1,0,1,81.0,67.0,136.0,-1.0,363.0,134.0,3,1,1.0,182.0,316.0,-1,-1,-1
425,3,0,1,0,69.0,39.0,85.0,-1.0,202.0,3.0,1,1,0.34,36.0,39.0,-1,-1,-1
426,4,1,0,0,88.0,56.0,91.0,-1.0,296.0,86.0,0,0,0.0,0.0,86.0,-1,-1,-1
427,2,1,1,1,69.0,42.0,72.0,-1.0,185.0,2.0,3,2,1.0,167.0,169.0,-1,-1,-1
428,7,0,1,0,193.0,193.0,241.0,69.0,3209.397,59.0,0,0,0.0,0.0,59.0,-1,-1,-1
429,6,0,1,1,49.0,59.0,175.0,-1.0,128.0,15.0,3,1,1.0,64.0,79.0,-1,-1,-1
430,4,1,0,1,88.0,56.0,91.0,-1.0,296.0,86.0,0,0,0.0,0.0,86.0,-1,-1,-1
431,4,1,1,0,88.0,56.0,91.0,-1.0,296.0,86.0,2,1,0.82,122.0,208.0,-1,-1,-1
432,3,1,0,1,69.0,39.0,85.0,-1.0,202.0,3.0,1,1,0.34,36.0,39.0,-1,-1,-1
433,4,2,1,1,88.0,56.0,91.0,-1.0,296.0,86.0,2,1,0.82,122.0,208.0,-1,-1,-1
434,3,0,1,1,69.0,39.0,85.0,-1.0,202.0,3.0,2,1,0.82,82.0,85.0,-1,-1,-1
435,6,1,1,0,49.0,59.0,175.0,-1.0,128.0,15.0,1,2,0.34,39.0,54.0,-1,-1,-1
436,4,0,0,1,88.0,56.0,91.0,-1.0,296.0,86.0,1,1,0.34,45.0,131.0,-1,-1,-1
437,6,2,0,0,49.0,59.0,175.0,-1.0,128.0,15.0,3,2,1.0,115.0,130.0,-1,-1,-1
438,9,0,0,0,80.0,80.0,131.0,45.0,471.6,15.0,2,1,0.82,193.0,208.0,-1,-1,-1
439,8,1,1,1,135.0,135.0,164.0,56.0,1239.84,31.0,0,0,0.0,0.0,31.0,-1,-1,-1
440,6,2,0,1,49.0,59.0,175.0,-1.0,128.0,15.0,1,2,0.34,39.0,54.0,-1,-1,-1
441,2,2,1,1,69.0,42.0,72.0,-1.0,185.0,2.0,1,1,0.34,35.0,37.0,-1,-1,-1
442,1,2,1,1,98.0,61.0,119.0,-1.0,520.0,10.0,1,1,0.34,109.0,119.0,-1,-1,-1
443,6,0,1,0,49.0,59.0,175.0,-1.0,128.0,15.0,1,1,0.34,22.0,37.0,-1,-1,-1
444,1,0,1,1,98.0,61.0,119.0,-1.0,520.0,10.0,2,2,0.82,399.0,409.0,-1,-1,-1
445,3,2,0,0,69.0,39.0,85.0,-1.0,202.0,3.0,0,0,0.0,0.0,3.0,-1,-1,-1
446,2,1,0,1,69.0,42.0,72.0,-1.0,185.0,2.0,1,2,0.34,63.0,65.0,-1,-1,-1
447,2,0,0,1,69.0,42.0,72.0,-1.0,185.0,2.0,2,1,0.82,76.0,78.0,-1,-1,-1
448,2,2,0,0,69.0,42.0,72.0,-1.0,185.0,2.0,0,0,0.0,0.0,2.0,-1,-1,-1
449,1,2,1,0,98.0,61.0,119.0,-1.0,520.0,10.0,2,1,0.82,222.0,232.0,-1,-1,-1
450,6,0,1,0,49.0,59.0,175.0,-1.0,128.0,15.0,1,2,0.34,39.0,54.0,-1,-1,-1
451,4,2,0,1,88.0,56.0,91.0,-1.0,296.0,86.0,3,2,1.0,266.0,352.0,-1,-1,-1
452,7,0,0,0,193.0,193.0,241.0,69.0,3209.397,59.0,1,1,0.34,717.0,776.0,-1,-1,-1
453,7,1,1,0,193.0,193.0,241.0,69.0,3209.397,59.0,1,2,0.34,1291.0,1350.0,-1,-1,-1
454,2,2,1,0,69.0,42.0,72.0,-1.0,185.0,2.0,3,1,1.0,93.0,95.0,-1,-1,-1
455,6,2,0,0,49.0,59.0,175.0,-1.0,128.0,15.0,0,0,0.0,0.0,15.0,-1,-1,-1
456,2,1,0,1,69.0,42.0,72.0,-1.0,185.0,2.0,2,2,0.82,137.0,139.0,-1,-1,-1
457,8,2,1,1,135.0,135.0,164.0,56.0,1239.84,31.0,1,1,0.34,266.0,297.0,-1,-1,-1
458,2,1,1,1,69.0,42.0,72.0,-1.0,185.0,2.0,1,2,0.34,63.0,65.0,-1,-1,-1
459,5,1,1,1,81.0,67.0,136.0,-1.0,363.0,134.0,1,1,0.34,71.0,205.0,-1,-1,-1
460,5,2,0,1,81.0,67.0,136.0,-1.0,363.0,134.0,0,0,0.0,0.0,134.0,-1,-1,-1
461,7,2,1,0,193.0,193.0,241.0,69.0,3209.397,59.0,1,1,0.34,717.0,776.0,-1,-1,-1
462,4,1,1,1,88.0,56.0,91.0,-1.0,296.0,86.0,1,1,0.34,45.0,131.0,-1,-1,-1
463,3,1,1,0,69.0,39.0,85.0,-1.0,202.0,3.0,1,2,0.34,66.0,69.0,-1,-1,-1
464,1,0,0,1,98.0,61.0,119.0,-1.0,520.0,10.0,3,2,1.0,468.0,478.0,-1,-1,-1
465,7,0,1,1,193.0,193.0,241.0,69.0,3209.397,59.0,2,2,0.82,2680.0,2739.0,-1,-1,-1
466,4,1,0,0,88.0,56.0,91.0,-1.0,296.0,86.0,2,2,0.82,219.0,305.0,-1,-1,-1
467,2,1,1,1,69.0,42.0,72.0,-1.0,185.0,2.0,2,1,0.82,76.0,78.0,-1,-1,-1
468,7,2,1,1,193.0,193.0,241.0,69.0,3209.397,59.0,0,0,0.0,0.0,59.0,-1,-1,-1
469,6,0,1,1,49.0,59.0,175.0,-1.0,128.0,15.0,3,2,1.0,115.0,130.0,-1,-1,-1
470,4,0,0,1,88.0,56.0,91.0,-1.0,296.0,86.0,3,1,1.0,148.0,234.0,-1,-1,-1
471,6,1,0,1,49.0,59.0,175.0,-1.0,128.0,15.0,2,1,0.82,53.0,68.0,-1,-1,-1
472,3,0,0,0,69.0,39.0,85.0,-1.0,202.0,3.0,3,2,1.0,182.0,185.0,-1,-1,-1
473,5,2,1,1,81.0,67.0,136.0,-1.0,363.0,134.0,0,0,0.0,0.0,134.0,-1,-1,-1
474,5,0,0,1,81.0,67.0,136.0,-1.0,363.0,134.0,0,0,0.0,0.0,134.0,-1,-1,-1
475,3,2,0,1,69.0,39.0,85.0,-1.0,202.0,3.0,2,2,0.82,147.6,150.6,-1,-1,-1
476,5,0,1,0,81.0,67.0,136.0,-1.0,363.0,134.0,3,1,1.0,182.0,316.0,-1,-1,-1
477,3,2,1,1,69.0,39.0,85.0,-1.0,202.0,3.0,3,1,1.0,101.0,104.0,-1,-1,-1
478,3,2,1,1,69.0,39.0,85.0,-1.0,202.0,3.0,2,1,0.82,82.0,85.0,-1,-1,-1
479,2,0,1,0,69.0,42.0,72.0,-1.0,185.0,2.0,1,2,0.34,63.0,65.0,-1,-1,-1
480,4,2,0,1,88.0,56.0,91.0,-1.0,296.0,86.0,3,1,1.0,148.0,234.0,-1,-1,-1
481,3,0,1,1,69.0,39.0,85.0,-1.0,202.0,3.0,2,2,0.82,147.6,150.6,-1,-1,-1
482,4,0,0,0,88.0,56.0,91.0,-1.0,296.0,86.0,2,1,0.82,122.0,208.0,-1,-1,-1
483,8,0,0,1,135.0,135.0,164.0,56.0,1239.84,31.0,2,1,0.82,602.0,633.0,-1,-1,-1
484,2,1,1,1,69.0,42.0,72.0,-1.0,185.0,2.0,0,0,0.0,0.0,2.0,-1,-1,-1
485,2,1,0,0,69.0,42.0,72.0,-1.0,185.0,2.0,0,0,0.0,0.0,2.0,-1,-1,-1
486,5,2,0,1,81.0,67.0,136.0,-1.0,363.0,134.0,2,1,0.82,146.0,280.0,-1,-1,-1
487,4,0,0,0,88.0,56.0,91.0,-1.0,296.0,86.0,2,2,0.82,219.0,305.0,-1,-1,-1
488,9,2,1,0,80.0,80.0,131.0,45.0,471.6,15.0,1,2,0.34,159.0,174.0,-1,-1,-1
489,7,2,1,1,193.0,193.0,241.0,69.0,3209.397,59.0,1,2,0.34,1291.0,1350.0,-1,-1,-1
490,4,0,1,1,88.0,56.0,91.0,-1.0,296.0,86.0,1,2,0.34,89.0,175.0,-1,-1,-1
491,2,2,1,1,69.0,42.0,72.0,-1.0,185.0,2.0,3,1,1.0,93.0,95.0,-1,-1,-1
492,3,2,1,1,69.0,39.0,85.0,-1.0,202.0,3.0,1,1,0.34,36.0,39.0,-1,-1,-1
493,7,1,0,1,193.0,193.0,241.0,69.0,3209.397,59.0,1,1,0.34,717.0,776.0,-1,-1,-1
494,3,0,1,0,69.0,39.0,85.0,-1.0,202.0,3.0,3,1,1.0,101.0,104.0,-1,-1,-1
495,7,0,0,1,193.0,193.0,241.0,69.0,3209.397,59.0,1,2,0.34,1291.0,1350.0,-1,-1,-1
496,8,0,1,0,135.0,135.0,164.0,56.0,1239.84,31.0,1,1,0.34,266.0,297.0,-1,-1,-1
497,2,0,1,1,69.0,42.0,72.0,-1.0,185.0,2.0,1,1,0.34,35.0,37.0,-1,-1,-1
498,8,2,1,0,135.0,135.0,164.0,56.0,1239.84,31.0,2,1,0.82,602.0,633.0,-1,-1,-1
499,8,2,0,0,135.0,135.0,164.0,56.0,1239.84,31.0,0,0,0.0,0.0,31.0,-1,-1,-1
500,1,2,0,0,98.0,61.0,119.0,-1.0,520.0,10.0,1,1,0.34,109.0,119.0,-1,-1,-1
501,7,0,1,0,193.0,193.0,241.0,69.0,3209.397,59.0,2,1,0.82,1489.0,1548.0,-1,-1,-1
502,3,0,1,1,69.0,39.0,85.0,-1.0,202.0,3.0,1,1,0.34,36.0,39.0,-1,-1,-1
503,1,2,0,1,98.0,61.0,119.0,-1.0,520.0,10.0,1,1,0.34,109.0,119.0,-1,-1,-1
504,5,1,1,1,81.0,67.0,136.0,-1.0,363.0,134.0,3,1,1.0,182.0,316.0,-1,-1,-1
505,1,0,1,0,98.0,61.0,119.0,-1.0,520.0,10.0,3,2,1.0,468.0,478.0,-1,-1,-1
506,3,2,1,1,69.0,39.0,85.0,-1.0,202.0,3.0,1,2,0.34,66.0,69.0,-1,-1,-1
507,5,0,0,1,81.0,67.0,136.0,-1.0,363.0,134.0,2,1,0.82,146.0,280.0,-1,-1,-1
508,4,1,1,1,88.0,56.0,91.0,-1.0,296.0,86.0,2,1,0.82,122.0,208.0,-1,-1,-1
509,3,1,1,1,69.0,39.0,85.0,-1.0,202.0,3.0,3,2,1.0,182.0,185.0,-1,-1,-1
510,1,0,1,1,98.0,61.0,119.0,-1.0,520.0,10.0,1,2,0.34,195.0,205.0,-1,-1,-1
511,6,2,1,1,49.0,59.0,175.0,-1.0,128.0,15.0,2,2,0.82,95.0,110.0,-1,-1,-1
512,9,0,0,0,80.0,80.0,131.0,45.0,471.6,15.0,0,0,0.0,0.0,15.0,-1,-1,-1
513,4,2,0,1,88.0,56.0,91.0,-1.0,296.0,86.0,2,1,0.82,122.0,208.0,-1,-1,-1
514,1,0,0,1,98.0,61.0,119.0,-1.0,520.0,10.0,3,1,1.0,260.0,270.0,-1,-1,-1
515,2,0,0,0,69.0,42.0,72.0,-1.0,185.0,2.0,1,2,0.34,63.0,65.0,-1,-1,-1
516,2,0,0,1,69.0,42.0,72.0,-1.0,185.0,2.0,1,1,0.34,35.0,37.0,-1,-1,-1
517,4,2,0,0,88.0,56.0,91.0,-1.0,296.0,86.0,2,1,0.82,122.0,208.0,-1,-1,-1
518,6,0,0,1,49.0,59.0,175.0,-1.0,128.0,15.0,1,2,0.34,39.0,54.0,-1,-1,-1
519,1,0,0,1,98.0,61.0,119.0,-1.0,520.0,10.0,0,0,0.0,0.0,10.0,-1,-1,-1
520,7,2,1,0,193.0,193.0,241.0,69.0,3209.397,59.0,2,2,0.82,2680.0,2739.0,-1,-1,-1
521,6,1,0,1,49.0,59.0,175.0,-1.0,128.0,15.0,1,2,0.34,39.0,54.0,-1,-1,-1
522,2,0,1,1,69.0,42.0,72.0,-1.0,185.0,2.0,0,0,0.0,0.0,2.0,-1,-1,-1
523,9,2,0,0,80.0,80.0,131.0,45.0,471.6,15.0,2,1,0.82,193.0,208.0,-1,-1,-1
524,9,1,0,1,80.0,80.0,131.0,45.0,471.6,15.0,2,2,0.82,347.0,362.0,-1,-1,-1
525,8,0,0,0,135.0,135.0,164.0,56.0,1239.84,31.0,0,0,0.0,0.0,31.0,-1,-1,-1
526,3,2,0,1,69.0,39.0,85.0,-1.0,202.0,3.0,3,1,1.0,101.0,104.0,-1,-1,-1
527,3,0,0,1,69.0,39.0,85.0,-1.0,202.0,3.0,3,1,1.0,101.0,104.0,-1,-1,-1
528,2,2,0,1,69.0,42.0,72.0,-1.0,185.0,2.0,3,1,1.0,93.0,95.0,-1,-1,-1
529,5,1,0,0,81.0,67.0,136.0,-1.0,363.0,134.0,2,2,0.82,262.0,396.0,-1,-1,-1
530,5,2,0,1,81.0,67.0,136.0,-1.0,363.0,134.0,1,2,0.34,128.0,262.0,-1,-1,-1
531,3,0,0,0,69.0,39.0,85.0,-1.0,202.0,3.0,2,1,0.82,82.0,85.0,-1,-1,-1
532,9,0,0,0,80.0,80.0,131.0,45.0,471.6,15.0,2,2,0.82,347.0,362.0,-1,-1,-1
533,6,0,0,0,49.0,59.0,175.0,-1.0,128.0,15.0,3,1,1.0,64.0,79.0,-1,-1,-1
534,6,1,0,0,49.0,59.0,175.0,-1.0,128.0,15.0,1,2,0.34,39.0,54.0,-1,-1,-1
535,6,1,1,1,49.0,59.0,175.0,-1.0,128.0,15.0,1,2,0.34,39.0,54.0,-1,-1,-1
536,1,2,0,0,98.0,61.0,119.0,-1.0,520.0,10.0,2,1,0.82,222.0,232.0,-1,-1,-1
537,7,0,0,1,193.0,193.0,241.0,69.0,3209.397,59.0,2,1,0.82,1489.0,1548.0,-1,-1,-1
538,3,0,1,0,69.0,39.0,85.0,-1.0,202.0,3.0,2,1,0.82,82.0,85.0,-1,-1,-1
539,8,1,0,1,135.0,135.0,164.0,56.0,1239.84,31.0,1,2,0.34,478.0,509.0,-1,-1,-1
540,9,1,1,1,80.0,80.0,131.0,45.0,471.6,15.0,0,0,0.0,0.0,15.0,-1,-1,-1
541,5,2,1,0,81.0,67.0,136.0,-1.0,363.0,134.0,2,1,0.82,146.0,280.0,-1,-1,-1
542,1,1,0,0,98.0,61.0,119.0,-1.0,520.0,10.0,0,0,0.0,0.0,10.0,-1,-1,-1
543,3,2,1,0,69.0,39.0,85.0,-1.0,202.0,3.0,3,2,1.0,182.0,185.0,-1,-1,-1
544,4,2,0,0,88.0,56.0,91.0,-1.0,296.0,86.0,0,0,0.0,0.0,86.0,-1,-1,-1
545,7,0,1,0,193.0,193.0,241.0,69.0,3209.397,59.0,1,1,0.34,717.0,776.0,-1,-1,-1
546,1,1,0,1,98.0,61.0,119.0,-1.0,520.0,10.0,3,2,1.0,468.0,478.0,-1,-1,-1
547,1,2,1,0,98.0,61.0,119.0,-1.0,520.0,10.0,1,1,0.34,109.0,119.0,-1,-1,-1
548,7,2,0,1,193.0,193.0,241.0,69.0,3209.397,59.0,0,0,0.0,0.0,59.0,-1,-1,-1
549,1,1,1,0,98.0,61.0,119.0,-1.0,520.0,10.0,3,2,1.0,468.0,478.0,-1,-1,-1
550,1,1,0,0,98.0,61.0,119.0,-1.0,520.0,10.0,2,1,0.82,222.0,232.0,-1,-1,-1
551,6,1,1,0,49.0,59.0,175.0,-1.0,128.0,15.0,2,2,0.82,95.0,110.0,-1,-1,-1
552,9,0,1,1,80.0,80.0,131.0,45.0,471.6,15.0,0,0,0.0,0.0,15.0,-1,-1,-1
553,7,2,1,1,193.0,193.0,241.0,69.0,3209.397,59.0,2,2,0.82,2680.0,2739.0,-1,-1,-1
554,1,1,0,1,98.0,61.0,119.0,-1.0,520.0,10.0,0,0,0.0,0.0,10.0,-1,-1,-1
555,5,2,1,1,81.0,67.0,136.0,-1.0,363.0,134.0,2,2,0.82,262.0,396.0,-1,-1,-1
556,9,2,1,0,80.0,80.0,131.0,45.0,471.6,15.0,1,1,0.34,89.0,104.0,-1,-1,-1
557,2,1,1,0,69.0,42.0,72.0,-1.0,185.0,2.0,1,2,0.34,63.0,65.0,-1,-1,-1
558,6,1,0,1,49.0,59.0,175.0,-1.0,128.0,15.0,1,1,0.34,22.0,37.0,-1,-1,-1
559,2,1,1,0,69.0,42.0,72.0,-1.0,185.0,2.0,2,2,0.82,137.0,139.0,-1,-1,-1
560,3,1,1,1,69.0,39.0,85.0,-1.0,202.0,3.0,2,1,0.82,82.0,85.0,-1,-1,-1
561,2,2,0,0,69.0,42.0,72.0,-1.0,185.0,2.0,1,2,0.34,63.0,65.0,-1,-1,-1
562,2,0,1,1,69.0,42.0,72.0,-1.0,185.0,2.0,2,2,0.82,137.0,139.0,-1,-1,-1
563,5,0,1,0,81.0,67.0,136.0,-1.0,363.0,134.0,1,2,0.34,128.0,262.0,-1,-1,-1
564,6,0,0,0,49.0,59.0,175.0,-1.0,128.0,15.0,3,2,1.0,115.0,130.0,-1,-1,-1
565,4,1,1,0,88.0,56.0,91.0,-1.0,296.0,86.0,2,2,0.82,219.0,305.0,-1,-1,-1
566,1,0,0,1,98.0,61.0,119.0,-1.0,520.0,10.0,1,1,0.34,109.0,119.0,-1,-1,-1
567,8,1,1,1,135.0,135.0,164.0,56.0,1239.84,31.0,2,2,0.82,1084.0,1115.0,-1,-1,-1
568,9,0,0,0,80.0,80.0,131.0,45.0,471.6,15.0,1,1,0.34,89.0,104.0,-1,-1,-1
569,4,2,1,1,88.0,56.0,91.0,-1.0,296.0,86.0,1,1,0.34,45.0,131.0,-1,-1,-1
570,7,1,0,0,193.0,193.0,241.0,69.0,3209.397,59.0,0,0,0.0,0.0,59.0,-1,-1,-1
571,5,2,0,1,81.0,67.0,136.0,-1.0,363.0,134.0,2,2,0.82,262.0,396.0,-1,-1,-1
572,3,1,1,1,69.0,39.0,85.0,-1.0,202.0,3.0,3,1,1.0,101.0,104.0,-1,-1,-1
573,3,1,1,1,69.0,39.0,85.0,-1.0,202.0,3.0,1,2,0.34,66.0,69.0,-1,-1,-1
574,1,0,0,0,98.0,61.0,119.0,-1.0,520.0,10.0,3,1,1.0,260.0,270.0,-1,-1,-1
575,5,2,1,1,81.0,67.0,136.0,-1.0,363.0,134.0,1,2,0.34,128.0,262.0,-1,-1,-1
576,2,0,1,0,69.0,42.0,72.0,-1.0,185.0,2.0,3,2,1.0,167.0,169.0,-1,-1,-1
577,5,2,0,0,81.0,67.0,136.0,-1.0,363.0,134.0,3,2,1.0,327.0,461.0,-1,-1,-1
578,2,0,0,1,69.0,42.0,72.0,-1.0,185.0,2.0,1,2,0.34,63.0,65.0,-1,-1,-1
579,2,1,1,0,69.0,42.0,72.0,-1.0,185.0,2.0,3,2,1.0,167.0,169.0,-1,-1,-1
580,4,2,1,1,88.0,56.0,91.0,-1.0,296.0,86.0,1,2,0.34,89.0,175.0,-1,-1,-1
581,5,0,0,0,81.0,67.0,136.0,-1.0,363.0,134.0,2,2,0.82,262.0,396.0,-1,-1,-1
582,9,2,0,1,80.0,80.0,131.0,45.0,471.6,15.0,2,2,0.82,347.0,362.0,-1,-1,-1
583,6,2,1,0,49.0,59.0,175.0,-1.0,128.0,15.0,1,2,0.34,39.0,54.0,-1,-1,-1
584,1,2,0,1,98.0,61.0,119.0,-1.0,520.0,10.0,1,2,0.34,195.0,205.0,-1,-1,-1
585,6,1,0,0,49.0,59.0,175.0,-1.0,128.0,15.0,2,1,0.82,53.0,68.0,-1,-1,-1
586,3,1,0,1,69.0,39.0,85.0,-1.0,202.0,3.0,2,1,0.82,82.0,85.0,-1,-1,-1
587,1,1,1,1,98.0,61.0,119.0,-1.0,520.0,10.0,3,1,1.0,260.0,270.0,-1,-1,-1
588,9,2,1,1,80.0,80.0,131.0,45.0,471.6,15.0,0,0,0.0,0.0,15.0,-1,-1,-1
589,9,2,1,0,80.0,80.0,131.0,45.0,471.6,15.0,2,2,0.82,347.0,362.0,-1,-1,-1
590,5,0,0,0,81.0,67.0,136.0,-1.0,363.0,134.0,1,1,0.34,71.0,205.0,-1,-1,-1
591,1,1,1,0,98.0,61.0,119.0,-1.0,520.0,10.0,1,2,0.34,195.0,205.0,-1,-1,-1
592,7,0,1,1,193.0,193.0,241.0,69.0,3209.397,59.0,1,1,0.34,717.0,776.0,-1,-1,-1
593,6,1,1,1,49.0,59.0,175.0,-1.0,128.0,15.0,0,0,0.0,0.0,15.0,-1,-1,-1
594,1,1,0,1,98.0,61.0,119.0,-1.0,520.0,10.0,3,1,1.0,260.0,270.0,-1,-1,-1
595,2,1,0,1,69.0,42.0,72.0,-1.0,185.0,2.0,0,0,0.0,0.0,2.0,-1,-1,-1
596,5,2,1,1,81.0,67.0,136.0,-1.0,363.0,134.0,3,1,1.0,182.0,316.0,-1,-1,-1
597,2,1,1,1,69.0,42.0,72.0,-1.0,185.0,2.0,1,1,0.34,35.0,37.0,-1,-1,-1
598,4,0,0,0,88.0,56.0,91.0,-1.0,296.0,86.0,1,2,0.34,89.0,175.0,-1,-1,-1
599,2,1,0,0,69.0,42.0,72.0,-1.0,185.0,2.0,1,2,0.34,63.0,65.0,-1,-1,-1
600,5,1,1,0,81.0,67.0,136.0,-1.0,363.0,134.0,1,2,0.34,128.0,262.0,-1,-1,-1
601,2,1,1,0,69.0,42.0,72.0,-1.0,185.0,2.0,2,1,0.82,76.0,78.0,-1,-1,-1
602,6,1,1,0,49.0,59.0,175.0,-1.0,128.0,15.0,3,2,1.0,115.0,130.0,-1,-1,-1
603,3,0,0,1,69.0,39.0,85.0,-1.0,202.0,3.0,1,1,0.34,36.0,39.0,-1,-1,-1
604,5,2,0,0,81.0,67.0,136.0,-1.0,363.0,134.0,3,1,1.0,182.0,316.0,-1,-1,-1
605,4,1,0,0,88.0,56.0,91.0,-1.0,296.0,86.0,2,1,0.82,122.0,208.0,-1,-1,-1
606,2,0,0,0,69.0,42.0,72.0,-1.0,185.0,2.0,3,2,1.0,167.0,169.0,-1,-1,-1
607,4,2,0,0,88.0,56.0,91.0,-1.0,296.0,86.0,1,2,0.34,89.0,175.0,-1,-1,-1
608,8,2,0,0,135.0,135.0,164.0,56.0,1239.84,31.0,2,1,0.82,602.0,633.0,-1,-1,-1
609,2,0,0,1,69.0,42.0,72.0,-1.0,185.0,2.0,0,0,0.0,0.0,2.0,-1,-1,-1
610,9,0,1,0,80.0,80.0,131.0,45.0,471.6,15.0,2,2,0.82,347.0,362.0,-1,-1,-1
611,8,0,1,1,135.0,135.0,164.0,56.0,1239.84,31.0,1,2,0.34,478.0,509.0,-1,-1,-1
612,6,1,0,0,49.0,59.0,175.0,-1.0,128.0,15.0,2,2,0.82,95.0,110.0,-1,-1,-1
613,2,2,1,1,69.0,42.0,72.0,-1.0,185.0,2.0,1,2,0.34,63.0,65.0,-1,-1,-1
614,3,0,1,0,69.0,39.0,85.0,-1.0,202.0,3.0,0,0,0.0,0.0,3.0,-1,-1,-1
615,8,1,0,1,135.0,135.0,164.0,56.0,1239.84,31.0,2,1,0.82,602.0,633.0,-1,-1,-1
616,4,2,1,0,88.0,56.0,91.0,-1.0,296.0,86.0,2,2,0.82,219.0,305.0,-1,-1,-1
617,5,1,1,0,81.0,67.0,136.0,-1.0,363.0,134.0,3,2,1.0,327.0,461.0,-1,-1,-1
618,1,0,0,0,98.0,61.0,119.0,-1.0,520.0,10.0,0,0,0.0,0.0,10.0,-1,-1,-1
619,5,2,1,0,81.0,67.0,136.0,-1.0,363.0,134.0,2,2,0.82,262.0,396.0,-1,-1,-1
620,6,2,1,1,49.0,59.0,175.0,-1.0,128.0,15.0,0,0,0.0,0.0,15.0,-1,-1,-1
621,3,0,0,0,69.0,39.0,85.0,-1.0,202.0,3.0,2,2,0.82,147.6,150.6,-1,-1,-1
622,7,2,0,0,193.0,193.0,241.0,69.0,3209.397,59.0,0,0,0.0,0.0,59.0,-1,-1,-1
623,1,1,0,1,98.0,61.0,119.0,-1.0,520.0,10.0,1,1,0.34,109.0,119.0,-1,-1,-1
624,6,0,0,1,49.0,59.0,175.0,-1.0,128.0,15.0,2,1,0.82,53.0,68.0,-1,-1,-1
625,4,2,0,1,88.0,56.0,91.0,-1.0,296.0,86.0,2,2,0.82,219.0,305.0,-1,-1,-1
626,3,0,0,1,69.0,39.0,85.0,-1.0,202.0,3.0,1,2,0.34,66.0,69.0,-1,-1,-1
627,4,1,1,1,88.0,56.0,91.0,-1.0,296.0,86.0,3,2,1.0,266.0,352.0,-1,-1,-1
628,4,0,1,1,88.0,56.0,91.0,-1.0,296.0,86.0,3,2,1.0,266.0,352.0,-1,-1,-1
629,6,1,1,1,49.0,59.0,175.0,-1.0,128.0,15.0,1,1,0.34,22.0,37.0,-1,-1,-1
630,9,0,1,0,80.0,80.0,131.0,45.0,471.6,15.0,2,1,0.82,193.0,208.0,-1,-1,-1
631,9,1,0,0,80.0,80.0,131.0,45.0,471.6,15.0,1,1,0.34,89.0,104.0,-1,-1,-1
632,8,1,1,1,135.0,135.0,164.0,56.0,1239.84,31.0,2,1,0.82,602.0,633.0,-1,-1,-1
633,8,2,0,1,135.0,135.0,164.0,56.0,1239.84,31.0,2,1,0.82,602.0,633.0,-1,-1,-1
634,3,2,1,1,69.0,39.0,85.0,-1.0,202.0,3.0,0,0,0.0,0.0,3.0,-1,-1,-1
635,4,2,0,0,88.0,56.0,91.0,-1.0,296.0,86.0,3,2,1.0,266.0,352.0,-1,-1,-1
636,5,0,1,0,81.0,67.0,136.0,-1.0,363.0,134.0,1,1,0.34,71.0,205.0,-1,-1,-1
637,5,0,1,1,81.0,67.0,136.0,-1.0,363.0,134.0,0,0,0.0,0.0,134.0,-1,-1,-1
638,1,1,1,0,98.0,61.0,119.0,-1.0,520.0,10.0,2,2,0.82,399.0,409.0,-1,-1,-1
639,5,2,1,0,81.0,67.0,136.0,-1.0,363.0,134.0,1,2,0.34,128.0,262.0,-1,-1,-1
640,2,1,0,1,69.0,42.0,72.0,-1.0,185.0,2.0,1,1,0.34,35.0,37.0,-1,-1,-1
641,1,0,0,1,98.0,61.0,119.0,-1.0,520.0,10.0,2,1,0.82,222.0,232.0,-1,-1,-1
642,6,1,1,1,49.0,59.0,175.0,-1.0,128.0,15.0,2,2,0.82,95.0,110.0,-1,-1,-1
643,7,2,0,1,193.0,193.0,241.0,69.0,3209.397,59.0,1,2,0.34,1291.0,1350.0,-1,-1,-1
644,6,2,1,0,49.0,59.0,175.0,-1.0,128.0,15.0,1,1,0.34,22.0,37.0,-1,-1,-1
645,4,2,1,1,88.0,56.0,91.0,-1.0,296.0,86.0,0,0,0.0,0.0,86.0,-1,-1,-1
646,7,2,0,0,193.0,193.0,241.0,69.0,3209.397,59.0,1,2,0.34,1291.0,1350.0,-1,-1,-1
647,6,2,1,0,49.0,59.0,175.0,-1.0,128.0,15.0,3,2,1.0,115.0,130.0,-1,-1,-1
648,1,1,1,1,98.0,61.0,119.0,-1.0,520.0,10.0,2,2,0.82,399.0,409.0,-1,-1,-1
649,4,0,1,1,88.0,56.0,91.0,-1.0,296.0,86.0,2,2,0.82,219.0,305.0,-1,-1,-1
650,4,2,1,1,88.0,56.0,91.0,-1.0,296.0,86.0,3,2,1.0,266.0,352.0,-1,-1,-1
651,9,0,1,1,80.0,80.0,131.0,45.0,471.6,15.0,2,1,0.82,193.0,208.0,-1,-1,-1
652,2,1,1,0,69.0,42.0,72.0,-1.0,185.0,2.0,0,0,0.0,0.0,2.0,-1,-1,-1
653,5,1,0,1,81.0,67.0,136.0,-1.0,363.0,134.0,1,2,0.34,128.0,262.0,-1,-1,-1
654,9,2,0,0,80.0,80.0,131.0,45.0,471.6,15.0,0,0,0.0,0.0,15.0,-1,-1,-1
655,2,0,1,1,69.0,42.0,72.0,-1.0,185.0,2.0,3,1,1.0,93.0,95.0,-1,-1,-1
656,4,1,1,1,88.0,56.0,91.0,-1.0,296.0,86.0,0,0,0.0,0.0,86.0,-1,-1,-1
657,5,2,0,0,81.0,67.0,136.0,-1.0,363.0,134.0,2,1,0.82,146.0,280.0,-1,-1,-1
658,9,1,0,1,80.0,80.0,131.0,45.0,471.6,15.0,1,2,0.34,159.0,174.0,-1,-1,-1
659,3,2,1,1,69.0,39.0,85.0,-1.0,202.0,3.0,3,2,1.0,182.0,185.0,-1,-1,-1
660,4,1,0,0,88.0,56.0,91.0,-1.0,296.0,86.0,1,2,0.34,89.0,175.0,-1,-1,-1
661,3,2,0,0,69.0,39.0,85.0,-1.0,202.0,3.0,1,1,0.34,36.0,39.0,-1,-1,-1
662,1,1,1,1,98.0,61.0,119.0,-1.0,520.0,10.0,2,1,0.82,222.0,232.0,-1,-1,-1
663,5,1,1,0,81.0,67.0,136.0,-1.0,363.0,134.0,2,2,0.82,262.0,396.0,-1,-1,-1
664,6,2,0,0,49.0,59.0,175.0,-1.0,128.0,15.0,1,2,0.34,39.0,54.0,-1,-1,-1
665,1,2,1,1,98.0,61.0,119.0,-1.0,520.0,10.0,3,2,1.0,468.0,478.0,-1,-1,-1
666,8,1,1,1,135.0,135.0,164.0,56.0,1239.84,31.0,1,2,0.34,478.0,509.0,-1,-1,-1
667,3,1,0,0,69.0,39.0,85.0,-1.0,202.0,3.0,2,2,0.82,147.6,150.6,-1,-1,-1
668,2,1,0,0,69.0,42.0,72.0,-1.0,185.0,2.0,3,1,1.0,93.0,95.0,-1,-1,-1
669,6,1,1,1,49.0,59.0,175.0,-1.0,128.0,15.0,3,1,1.0,64.0,79.0,-1,-1,-1
670,8,0,0,0,135.0,135.0,164.0,56.0,1239.84,31.0,1,2,0.34,478.0,509.0,-1,-1,-1
671,8,1,0,1,135.0,135.0,164.0,56.0,1239.84,31.0,2,2,0.82,1084.0,1115.0,-1,-1,-1
672,6,0,0,0,49.0,59.0,175.0,-1.0,128.0,15.0,2,2,0.82,95.0,110.0,-1,-1,-1
673,7,1,1,0,193.0,193.0,241.0,69.0,3209.397,59.0,0,0,0.0,0.0,59.0,-1,-1,-1
674,7,2,0,1,193.0,193.0,241.0,69.0,3209.397,59.0,1,1,0.34,717.0,776.0,-1,-1,-1
675,2,2,0,0,69.0,42.0,72.0,-1.0,185.0,2.0,3,1,1.0,93.0,95.0,-1,-1,-1
676,5,0,1,1,81.0,67.0,136.0,-1.0,363.0,134.0,3,2,1.0,327.0,461.0,-1,-1,-1
677,5,1,0,0,81.0,67.0,136.0,-1.0,363.0,134.0,2,1,0.82,146.0,280.0,-1,-1,-1
678,3,2,1,0,69.0,39.0,85.0,-1.0,202.0,3.0,0,0,0.0,0.0,3.0,-1,-1,-1
679,7,2,0,0,193.0,193.0,241.0,69.0,3209.397,59.0,2,2,0.82,2680.0,2739.0,-1,-1,-1
680,2,1,0,0,69.0,42.0,72.0,-1.0,185.0,2.0,3,2,1.0,167.0,169.0,-1,-1,-1
681,8,2,0,1,135.0,135.0,164.0,56.0,1239.84,31.0,2,2,0.82,1084.0,1115.0,-1,-1,-1
682,6,0,0,1,49.0,59.0,175.0,-1.0,128.0,15.0,2,2,0.82,95.0,110.0,-1,-1,-1
683,8,2,1,1,135.0,135.0,164.0,56.0,1239.84,31.0,0,0,0.0,0.0,31.0,-1,-1,-1
