Configuration ID,Container capacity,Container mass,Filling mass,None,Pasta,Rice,Water,Filling type,Empty,Half-full,Full,Filling level,Width at the top,Width at the bottom,Height,Object safety,Distance,Angle difference,Execution time
0,-1,-1,-1,0.41,0.20,0.23,0.17,0,0.25,0.36,0.39,2,-1,-1,-1,-1,-1,-1,2120
1,-1,-1,-1,0.37,0.23,0.05,0.36,0,0.39,0.34,0.28,0,-1,-1,-1,-1,-1,-1,3973
2,-1,-1,-1,0.30,0.01,0.27,0.42,3,0.35,0.47,0.19,1,-1,-1,-1,-1,-1,-1,2267
3,-1,-1,-1,0.21,0.38,0.31,0.10,1,0.48,0.50,0.02,1,-1,-1,-1,-1,-1,-1,2836
4,-1,-1,-1,0.24,0.20,0.22,0.34,3,0.27,0.00,0.73,2,-1,-1,-1,-1,-1,-1,2301
5,-1,-1,-1,0.12,0.33,0.41,0.15,2,0.67,0.07,0.26,0,-1,-1,-1,-1,-1,-1,4187
6,-1,-1,-1,0.19,0.40,0.29,0.12,1,0.39,0.20,0.40,2,-1,-1,-1,-1,-1,-1,1587
7,-1,-1,-1,0.20,0.33,0.03,0.44,3,0.35,0.44,0.22,1,-1,-1,-1,-1,-1,-1,3015
8,-1,-1,-1,0.40,0.48,0.08,0.04,1,0.31,0.09,0.60,2,-1,-1,-1,-1,-1,-1,4664
9,-1,-1,-1,0.30,0.15,0.21,0.35,3,0.32,0.44,0.24,1,-1,-1,-1,-1,-1,-1,1077
10,-1,-1,-1,0.11,0.15,0.34,0.40,3,0.38,0.33,0.29,0,-1,-1,-1,-1,-1,-1,1903
11,-1,-1,-1,0.16,0.72,0.05,0.07,1,0.35,0.30,0.36,2,-1,-1,-1,-1,-1,-1,247
12,-1,-1,-1,0.17,0.07,0.44,0.31,2,0.02,0.73,0.25,1,-1,-1,-1,-1,-1,-1,3381
13,-1,-1,-1,0.80,0.02,0.04,0.14,0,0.87,0.04,0.09,0,-1,-1,-1,-1,-1,-1,1404
14,-1,-1,-1,0.45,0.20,0.02,0.33,0,0.55,0.45,0.00,0,-1,-1,-1,-1,-1,-1,4554
15,-1,-1,-1,0.17,0.34,0.31,0.17,1,0.13,0.37,0.50,2,-1,-1,-1,-1,-1,-1,2619
16,-1,-1,-1,0.14,0.30,0.32,0.24,2,0.11,0.09,0.80,2,-1,-1,-1,-1,-1,-1,3023
17,-1,-1,-1,0.35,0.24,0.21,0.20,0,0.21,0.43,0.36,1,-1,-1,-1,-1,-1,-1,4225
18,-1,-1,-1,0.03,0.21,0.32,0.44,3,0.60,0.20,0.20,0,-1,-1,-1,-1,-1,-1,4283
19,-1,-1,-1,0.32,0.24,0.09,0.36,3,0.78,0.07,0.15,0,-1,-1,-1,-1,-1,-1,1226
20,-1,-1,-1,0.30,0.43,0.21,0.06,1,0.35,0.60,0.05,1,-1,-1,-1,-1,-1,-1,3559
21,-1,-1,-1,0.21,0.37,0.23,0.19,1,0.29,0.38,0.33,1,-1,-1,-1,-1,-1,-1,627
22,-1,-1,-1,0.17,0.27,0.09,0.48,3,0.02,0.91,0.08,1,-1,-1,-1,-1,-1,-1,2436
23,-1,-1,-1,0.12,0.61,0.02,0.25,1,0.58,0.41,0.02,0,-1,-1,-1,-1,-1,-1,85
24,-1,-1,-1,0.22,0.13,0.24,0.41,3,0.43,0.20,0.36,0,-1,-1,-1,-1,-1,-1,1564
25,-1,-1,-1,0.39,0.19,0.06,0.36,0,0.37,0.51,0.13,1,-1,-1,-1,-1,-1,-1,799
26,-1,-1,-1,0.22,0.30,0.32,0.16,2,0.00,0.88,0.12,1,-1,-1,-1,-1,-1,-1,856
27,-1,-1,-1,0.25,0.06,0.45,0.24,2,0.51,0.04,0.45,0,-1,-1,-1,-1,-1,-1,662
28,-1,-1,-1,0.04,0.20,0.28,0.49,3,0.44,0.41,0.15,0,-1,-1,-1,-1,-1,-1,984
29,-1,-1,-1,0.15,0.31,0.23,0.31,1,0.06,0.69,0.25,1,-1,-1,-1,-1,-1,-1,3115
30,-1,-1,-1,0.12,0.33,0.17,0.39,3,0.39,0.21,0.39,0,-1,-1,-1,-1,-1,-1,4157
31,-1,-1,-1,0.20,0.27,0.26,0.27,1,0.72,0.15,0.13,0,-1,-1,-1,-1,-1,-1,1066
32,-1,-1,-1,0.02,0.73,0.05,0.21,1,0.42,0.06,0.52,2,-1,-1,-1,-1,-1,-1,1567
33,-1,-1,-1,0.17,0.61,0.04,0.17,1,0.36,0.47,0.17,1,-1,-1,-1,-1,-1,-1,3173
34,-1,-1,-1,0.32,0.03,0.29,0.36,3,0.10,0.50,0.40,1,-1,-1,-1,-1,-1,-1,3559
35,-1,-1,-1,0.38,0.08,0.16,0.38,0,0.04,0.36,0.61,2,-1,-1,-1,-1,-1,-1,1250
36,-1,-1,-1,0.03,0.48,0.07,0.42,1,0.20,0.12,0.68,2,-1,-1,-1,-1,-1,-1,1992
37,-1,-1,-1,0.25,0.02,0.35,0.37,3,0.36,0.34,0.30,0,-1,-1,-1,-1,-1,-1,1175
38,-1,-1,-1,0.52,0.20,0.22,0.06,0,0.13,0.17,0.70,2,-1,-1,-1,-1,-1,-1,3093
39,-1,-1,-1,0.33,0.35,0.05,0.28,1,0.42,0.47,0.11,1,-1,-1,-1,-1,-1,-1,3645
40,-1,-1,-1,0.19,0.30,0.20,0.30,1,0.02,0.88,0.10,1,-1,-1,-1,-1,-1,-1,3749
41,-1,-1,-1,0.07,0.44,0.09,0.40,1,0.20,0.66,0.14,1,-1,-1,-1,-1,-1,-1,2466
42,-1,-1,-1,0.34,0.14,0.26,0.27,0,0.18,0.53,0.29,1,-1,-1,-1,-1,-1,-1,4730
43,-1,-1,-1,0.26,0.33,0.23,0.19,1,0.51,0.08,0.41,0,-1,-1,-1,-1,-1,-1,2043
44,-1,-1,-1,0.66,0.19,0.11,0.05,0,0.76,0.12,0.13,0,-1,-1,-1,-1,-1,-1,4900
45,-1,-1,-1,0.32,0.06,0.32,0.29,2,0.35,0.53,0.12,1,-1,-1,-1,-1,-1,-1,1379
46,-1,-1,-1,0.11,0.70,0.00,0.18,1,0.30,0.28,0.42,2,-1,-1,-1,-1,-1,-1,3767
47,-1,-1,-1,0.27,0.15,0.55,0.03,2,0.16,0.02,0.82,2,-1,-1,-1,-1,-1,-1,2725
48,-1,-1,-1,0.00,0.60,0.02,0.37,1,0.22,0.25,0.53,2,-1,-1,-1,-1,-1,-1,2707
49,-1,-1,-1,0.09,0.21,0.14,0.56,3,0.27,0.46,0.28,1,-1,-1,-1,-1,-1,-1,4238
50,-1,-1,-1,0.39,0.03,0.42,0.16,2,0.38,0.41,0.21,1,-1,-1,-1,-1,-1,-1,3734
51,-1,-1,-1,0.38,0.17,0.10,0.35,0,0.20,0.45,0.35,1,-1,-1,-1,-1,-1,-1,3011
52,-1,-1,-1,0.40,0.11,0.19,0.30,0,0.13,0.19,0.68,2,-1,-1,-1,-1,-1,-1,4827
53,-1,-1,-1,0.27,0.34,0.10,0.30,1,0.02,0.42,0.56,2,-1,-1,-1,-1,-1,-1,2844
54,-1,-1,-1,0.15,0.33,0.26,0.26,1,0.50,0.31,0.19,0,-1,-1,-1,-1,-1,-1,1582
55,-1,-1,-1,0.32,0.21,0.26,0.21,0,0.41,0.55,0.03,1,-1,-1,-1,-1,-1,-1,3375
56,-1,-1,-1,0.40,0.07,0.31,0.22,0,0.62,0.19,0.19,0,-1,-1,-1,-1,-1,-1,4451
57,-1,-1,-1,0.58,0.17,0.22,0.04,0,0.28,0.49,0.23,1,-1,-1,-1,-1,-1,-1,4673
58,-1,-1,-1,0.11,0.48,0.15,0.26,1,0.24,0.21,0.55,2,-1,-1,-1,-1,-1,-1,4102
59,-1,-1,-1,0.05,0.31,0.24,0.40,3,0.40,0.11,0.49,2,-1,-1,-1,-1,-1,-1,2755
60,-1,-1,-1,0.37,0.08,0.25,0.30,0,0.16,0.42,0.42,1,-1,-1,-1,-1,-1,-1,4243
61,-1,-1,-1,0.41,0.10,0.23,0.26,0,0.67,0.10,0.23,0,-1,-1,-1,-1,-1,-1,753
62,-1,-1,-1,0.21,0.22,0.23,0.34,3,0.37,0.29,0.35,0,-1,-1,-1,-1,-1,-1,1011
63,-1,-1,-1,0.09,0.27,0.15,0.49,3,0.15,0.50,0.35,1,-1,-1,-1,-1,-1,-1,262
64,-1,-1,-1,0.16,0.02,0.46,0.35,2,0.03,0.16,0.81,2,-1,-1,-1,-1,-1,-1,2455
65,-1,-1,-1,0.32,0.33,0.27,0.08,1,0.00,0.24,0.76,2,-1,-1,-1,-1,-1,-1,4664
66,-1,-1,-1,0.36,0.01,0.41,0.23,2,0.39,0.08,0.53,2,-1,-1,-1,-1,-1,-1,2324
67,-1,-1,-1,0.38,0.40,0.08,0.14,1,0.45,0.55,0.00,1,-1,-1,-1,-1,-1,-1,1456
68,-1,-1,-1,0.29,0.37,0.32,0.01,1,0.16,0.35,0.49,2,-1,-1,-1,-1,-1,-1,2797
69,-1,-1,-1,0.05,0.19,0.36,0.40,3,0.35,0.21,0.44,2,-1,-1,-1,-1,-1,-1,1828
70,-1,-1,-1,0.06,0.24,0.54,0.16,2,0.26,0.48,0.25,1,-1,-1,-1,-1,-1,-1,4941
71,-1,-1,-1,0.13,0.42,0.40,0.05,1,0.25,0.54,0.21,1,-1,-1,-1,-1,-1,-1,1129
72,-1,-1,-1,0.31,0.26,0.27,0.17,0,0.19,0.69,0.12,1,-1,-1,-1,-1,-1,-1,4982
73,-1,-1,-1,0.00,0.26,0.43,0.31,2,0.31,0.40,0.28,1,-1,-1,-1,-1,-1,-1,4465
74,-1,-1,-1,0.11,0.31,0.34,0.23,2,0.08,0.46,0.46,1,-1,-1,-1,-1,-1,-1,3116
75,-1,-1,-1,0.14,0.56,0.07,0.24,1,0.21,0.36,0.43,2,-1,-1,-1,-1,-1,-1,1993
76,-1,-1,-1,0.15,0.41,0.42,0.03,2,0.14,0.22,0.64,2,-1,-1,-1,-1,-1,-1,2378
77,-1,-1,-1,0.42,0.50,0.06,0.02,1,0.65,0.24,0.11,0,-1,-1,-1,-1,-1,-1,3064
78,-1,-1,-1,0.31,0.38,0.28,0.03,1,0.34,0.19,0.47,2,-1,-1,-1,-1,-1,-1,3009
79,-1,-1,-1,0.13,0.04,0.40,0.42,3,0.00,0.67,0.33,1,-1,-1,-1,-1,-1,-1,445
80,-1,-1,-1,0.07,0.39,0.38,0.16,1,0.43,0.08,0.49,2,-1,-1,-1,-1,-1,-1,4504
81,-1,-1,-1,0.25,0.22,0.48,0.05,2,0.42,0.07,0.51,2,-1,-1,-1,-1,-1,-1,4247
82,-1,-1,-1,0.10,0.05,0.77,0.08,2,0.26,0.38,0.36,1,-1,-1,-1,-1,-1,-1,4907
83,-1,-1,-1,0.11,0.63,0.00,0.26,1,0.33,0.48,0.19,1,-1,-1,-1,-1,-1,-1,3210
84,-1,-1,-1,0.28,0.38,0.08,0.26,1,0.25,0.57,0.18,1,-1,-1,-1,-1,-1,-1,1361
85,-1,-1,-1,0.00,0.32,0.19,0.48,3,0.42,0.45,0.13,1,-1,-1,-1,-1,-1,-1,1297
86,-1,-1,-1,0.24,0.18,0.36,0.22,2,0.54,0.04,0.42,0,-1,-1,-1,-1,-1,-1,543
87,-1,-1,-1,0.50,0.16,0.24,0.10,0,0.20,0.40,0.41,2,-1,-1,-1,-1,-1,-1,3355
88,-1,-1,-1,0.10,0.38,0.17,0.35,1,0.03,0.43,0.54,2,-1,-1,-1,-1,-1,-1,4565
89,-1,-1,-1,0.25,0.29,0.20,0.26,1,0.46,0.39,0.15,0,-1,-1,-1,-1,-1,-1,4107
90,-1,-1,-1,0.13,0.77,0.06,0.04,1,0.19,0.70,0.11,1,-1,-1,-1,-1,-1,-1,127
91,-1,-1,-1,0.12,0.31,0.22,0.34,3,0.83,0.15,0.02,0,-1,-1,-1,-1,-1,-1,3181
92,-1,-1,-1,0.46,0.03,0.32,0.19,0,0.38,0.29,0.33,0,-1,-1,-1,-1,-1,-1,2482
93,-1,-1,-1,0.28,0.18,0.24,0.30,3,0.14,0.40,0.46,2,-1,-1,-1,-1,-1,-1,3710
94,-1,-1,-1,0.22,0.27,0.26,0.25,1,0.42,0.58,0.01,1,-1,-1,-1,-1,-1,-1,4317
95,-1,-1,-1,0.31,0.23,0.15,0.31,3,0.13,0.44,0.42,1,-1,-1,-1,-1,-1,-1,2064
96,-1,-1,-1,0.09,0.03,0.43,0.45,3,0.47,0.09,0.44,0,-1,-1,-1,-1,-1,-1,4616
97,-1,-1,-1,0.42,0.16,0.34,0.07,0,0.39,0.33,0.29,0,-1,-1,-1,-1,-1,-1,1387
98,-1,-1,-1,0.33,0.09,0.33,0.26,0,0.41,0.18,0.42,2,-1,-1,-1,-1,-1,-1,3914
99,-1,-1,-1,0.21,0.36,0.15,0.28,1,0.56,0.33,0.11,0,-1,-1,-1,-1,-1,-1,4821
100,-1,-1,-1,0.36,0.10,0.12,0.42,3,0.38,0.40,0.22,1,-1,-1,-1,-1,-1,-1,4229
101,-1,-1,-1,0.27,0.05,0.21,0.47,3,0.09,0.76,0.15,1,-1,-1,-1,-1,-1,-1,3204
102,-1,-1,-1,0.15,0.47,0.17,0.21,1,0.35,0.30,0.35,0,-1,-1,-1,-1,-1,-1,3383
103,-1,-1,-1,0.30,0.21,0.06,0.42,3,0.27,0.52,0.21,1,-1,-1,-1,-1,-1,-1,4796
104,-1,-1,-1,0.13,0.11,0.49,0.27,2,0.25,0.42,0.33,1,-1,-1,-1,-1,-1,-1,3014
105,-1,-1,-1,0.31,0.13,0.31,0.25,2,0.38,0.05,0.57,2,-1,-1,-1,-1,-1,-1,2633
106,-1,-1,-1,0.42,0.15,0.03,0.40,0,0.09,0.50,0.42,1,-1,-1,-1,-1,-1,-1,2582
107,-1,-1,-1,0.07,0.51,0.34,0.08,1,0.42,0.35,0.23,0,-1,-1,-1,-1,-1,-1,2025
108,-1,-1,-1,0.02,0.70,0.09,0.19,1,0.16,0.36,0.48,2,-1,-1,-1,-1,-1,-1,3354
109,-1,-1,-1,0.06,0.31,0.41,0.21,2,0.34,0.40,0.26,1,-1,-1,-1,-1,-1,-1,770
110,-1,-1,-1,0.05,0.31,0.37,0.27,2,0.75,0.00,0.25,0,-1,-1,-1,-1,-1,-1,4646
111,-1,-1,-1,0.03,0.22,0.38,0.37,2,0.16,0.41,0.43,2,-1,-1,-1,-1,-1,-1,2745
112,-1,-1,-1,0.18,0.46,0.04,0.32,1,0.20,0.02,0.77,2,-1,-1,-1,-1,-1,-1,4718
113,-1,-1,-1,0.19,0.03,0.43,0.35,2,0.08,0.08,0.85,2,-1,-1,-1,-1,-1,-1,67
114,-1,-1,-1,0.36,0.35,0.05,0.24,0,0.43,0.39,0.18,0,-1,-1,-1,-1,-1,-1,4108
115,-1,-1,-1,0.00,0.59,0.20,0.21,1,0.31,0.18,0.51,2,-1,-1,-1,-1,-1,-1,3867
116,-1,-1,-1,0.30,0.43,0.22,0.04,1,0.28,0.29,0.42,2,-1,-1,-1,-1,-1,-1,902
117,-1,-1,-1,0.27,0.23,0.26,0.24,0,0.14,0.27,0.59,2,-1,-1,-1,-1,-1,-1,4109
118,-1,-1,-1,0.01,0.39,0.20,0.40,3,0.20,0.32,0.49,2,-1,-1,-1,-1,-1,-1,2831
119,-1,-1,-1,0.49,0.36,0.06,0.09,0,0.50,0.05,0.45,0,-1,-1,-1,-1,-1,-1,4014
120,-1,-1,-1,0.10,0.47,0.08,0.35,1,0.20,0.26,0.54,2,-1,-1,-1,-1,-1,-1,402
121,-1,-1,-1,0.28,0.15,0.11,0.46,3,0.33,0.06,0.61,2,-1,-1,-1,-1,-1,-1,4878
122,-1,-1,-1,0.30,0.04,0.59,0.07,2,0.34,0.26,0.41,2,-1,-1,-1,-1,-1,-1,3526
123,-1,-1,-1,0.34,0.14,0.21,0.31,0,0.36,0.17,0.46,2,-1,-1,-1,-1,-1,-1,4522
124,-1,-1,-1,0.11,0.30,0.59,0.00,2,0.51,0.18,0.30,0,-1,-1,-1,-1,-1,-1,3506
125,-1,-1,-1,0.37,0.16,0.38,0.09,2,0.43,0.37,0.20,0,-1,-1,-1,-1,-1,-1,1579
126,-1,-1,-1,0.36,0.31,0.12,0.21,0,0.13,0.31,0.56,2,-1,-1,-1,-1,-1,-1,952
127,-1,-1,-1,0.06,0.57,0.31,0.06,1,0.29,0.27,0.45,2,-1,-1,-1,-1,-1,-1,870
128,-1,-1,-1,0.16,0.12,0.15,0.57,3,0.18,0.36,0.45,2,-1,-1,-1,-1,-1,-1,365
129,-1,-1,-1,0.18,0.33,0.42,0.07,2,0.37,0.46,0.17,1,-1,-1,-1,-1,-1,-1,4503
130,-1,-1,-1,0.32,0.33,0.13,0.22,1,0.28,0.36,0.36,1,-1,-1,-1,-1,-1,-1,1596
131,-1,-1,-1,0.37,0.03,0.58,0.02,2,0.32,0.27,0.41,2,-1,-1,-1,-1,-1,-1,3774
132,-1,-1,-1,0.26,0.28,0.28,0.18,2,0.83,0.13,0.04,0,-1,-1,-1,-1,-1,-1,510
133,-1,-1,-1,0.30,0.31,0.30,0.09,1,0.26,0.50,0.24,1,-1,-1,-1,-1,-1,-1,1117
134,-1,-1,-1,0.11,0.37,0.24,0.27,1,0.70,0.20,0.10,0,-1,-1,-1,-1,-1,-1,4554
135,-1,-1,-1,0.25,0.62,0.02,0.11,1,0.32,0.28,0.40,2,-1,-1,-1,-1,-1,-1,2810
136,-1,-1,-1,0.28,0.39,0.01,0.32,1,0.29,0.23,0.49,2,-1,-1,-1,-1,-1,-1,3255
137,-1,-1,-1,0.10,0.22,0.31,0.36,3,0.38,0.20,0.42,2,-1,-1,-1,-1,-1,-1,1366
138,-1,-1,-1,0.34,0.08,0.41,0.18,2,0.73,0.00,0.27,0,-1,-1,-1,-1,-1,-1,1309
139,-1,-1,-1,0.25,0.15,0.57,0.03,2,0.21,0.32,0.47,2,-1,-1,-1,-1,-1,-1,2411
140,-1,-1,-1,0.34,0.07,0.04,0.55,3,0.13,0.37,0.50,2,-1,-1,-1,-1,-1,-1,2667
141,-1,-1,-1,0.30,0.20,0.26,0.25,0,0.31,0.43,0.27,1,-1,-1,-1,-1,-1,-1,4755
142,-1,-1,-1,0.37,0.30,0.03,0.30,0,0.58,0.10,0.32,0,-1,-1,-1,-1,-1,-1,341
143,-1,-1,-1,0.28,0.19,0.41,0.12,2,0.70,0.28,0.02,0,-1,-1,-1,-1,-1,-1,4662
144,-1,-1,-1,0.04,0.77,0.13,0.06,1,0.34,0.17,0.49,2,-1,-1,-1,-1,-1,-1,79
145,-1,-1,-1,0.21,0.35,0.15,0.29,1,0.29,0.25,0.46,2,-1,-1,-1,-1,-1,-1,1935
146,-1,-1,-1,0.19,0.25,0.27,0.30,3,0.07,0.35,0.58,2,-1,-1,-1,-1,-1,-1,1193
147,-1,-1,-1,0.41,0.05,0.35,0.19,0,0.47,0.32,0.21,0,-1,-1,-1,-1,-1,-1,738
148,-1,-1,-1,0.23,0.20,0.36,0.21,2,0.82,0.10,0.07,0,-1,-1,-1,-1,-1,-1,423
149,-1,-1,-1,0.25,0.30,0.26,0.19,1,0.38,0.20,0.42,2,-1,-1,-1,-1,-1,-1,2801
150,-1,-1,-1,0.52,0.28,0.05,0.15,0,0.33,0.29,0.38,2,-1,-1,-1,-1,-1,-1,47
151,-1,-1,-1,0.24,0.16,0.33,0.27,2,0.35,0.22,0.43,2,-1,-1,-1,-1,-1,-1,1938
152,-1,-1,-1,0.08,0.35,0.19,0.39,3,0.42,0.43,0.15,1,-1,-1,-1,-1,-1,-1,1441
153,-1,-1,-1,0.34,0.08,0.33,0.26,0,0.51,0.02,0.47,0,-1,-1,-1,-1,-1,-1,2049
154,-1,-1,-1,0.70,0.11,0.04,0.15,0,0.43,0.46,0.12,1,-1,-1,-1,-1,-1,-1,31
155,-1,-1,-1,0.36,0.16,0.43,0.04,2,0.32,0.20,0.48,2,-1,-1,-1,-1,-1,-1,2544
156,-1,-1,-1,0.31,0.55,0.14,0.01,1,0.36,0.39,0.25,1,-1,-1,-1,-1,-1,-1,100
157,-1,-1,-1,0.29,0.30,0.20,0.21,1,0.10,0.47,0.43,1,-1,-1,-1,-1,-1,-1,3918
158,-1,-1,-1,0.22,0.45,0.28,0.06,1,0.09,0.66,0.26,1,-1,-1,-1,-1,-1,-1,4289
159,-1,-1,-1,0.38,0.27,0.11,0.24,0,0.66,0.08,0.25,0,-1,-1,-1,-1,-1,-1,2185
160,-1,-1,-1,0.27,0.17,0.45,0.11,2,0.49,0.26,0.25,0,-1,-1,-1,-1,-1,-1,3821
161,-1,-1,-1,0.20,0.33,0.21,0.25,1,0.47,0.20,0.33,0,-1,-1,-1,-1,-1,-1,2680
162,-1,-1,-1,0.42,0.35,0.01,0.22,0,0.38,0.44,0.18,1,-1,-1,-1,-1,-1,-1,677
163,-1,-1,-1,0.16,0.23,0.40,0.20,2,0.41,0.43,0.16,1,-1,-1,-1,-1,-1,-1,4054
164,-1,-1,-1,0.16,0.11,0.46,0.26,2,0.27,0.02,0.71,2,-1,-1,-1,-1,-1,-1,1025
165,-1,-1,-1,0.18,0.22,0.29,0.31,3,0.18,0.38,0.45,2,-1,-1,-1,-1,-1,-1,3359
166,-1,-1,-1,0.20,0.28,0.34,0.17,2,0.23,0.29,0.48,2,-1,-1,-1,-1,-1,-1,3448
167,-1,-1,-1,0.45,0.32,0.07,0.16,0,0.55,0.08,0.37,0,-1,-1,-1,-1,-1,-1,2355
168,-1,-1,-1,0.19,0.24,0.24,0.33,3,0.14,0.46,0.39,1,-1,-1,-1,-1,-1,-1,4503
169,-1,-1,-1,0.33,0.39,0.03,0.25,1,0.40,0.33,0.27,0,-1,-1,-1,-1,-1,-1,2090
170,-1,-1,-1,0.39,0.33,0.27,0.00,0,0.26,0.50,0.24,1,-1,-1,-1,-1,-1,-1,626
171,-1,-1,-1,0.28,0.33,0.26,0.13,1,0.54,0.38,0.08,0,-1,-1,-1,-1,-1,-1,1222
172,-1,-1,-1,0.32,0.24,0.06,0.38,3,0.51,0.04,0.46,0,-1,-1,-1,-1,-1,-1,1123
173,-1,-1,-1,0.28,0.29,0.22,0.21,1,0.61,0.23,0.16,0,-1,-1,-1,-1,-1,-1,4429
174,-1,-1,-1,0.35,0.32,0.26,0.07,0,0.51,0.49,0.00,0,-1,-1,-1,-1,-1,-1,3503
175,-1,-1,-1,0.23,0.13,0.31,0.33,3,0.57,0.17,0.26,0,-1,-1,-1,-1,-1,-1,2713
176,-1,-1,-1,0.22,0.04,0.56,0.17,2,0.20,0.27,0.52,2,-1,-1,-1,-1,-1,-1,4011
177,-1,-1,-1,0.49,0.15,0.16,0.20,0,0.38,0.19,0.43,2,-1,-1,-1,-1,-1,-1,3495
178,-1,-1,-1,0.09,0.31,0.38,0.22,2,0.37,0.12,0.51,2,-1,-1,-1,-1,-1,-1,1819
179,-1,-1,-1,0.33,0.37,0.12,0.18,1,0.56,0.02,0.43,0,-1,-1,-1,-1,-1,-1,3157
180,-1,-1,-1,0.37,0.15,0.18,0.30,0,0.79,0.10,0.11,0,-1,-1,-1,-1,-1,-1,2921
181,-1,-1,-1,0.24,0.21,0.30,0.25,2,0.32,0.47,0.21,1,-1,-1,-1,-1,-1,-1,4752
182,-1,-1,-1,0.35,0.24,0.31,0.10,0,0.36,0.44,0.20,1,-1,-1,-1,-1,-1,-1,2853
183,-1,-1,-1,0.06,0.22,0.72,0.00,2,0.33,0.34,0.32,1,-1,-1,-1,-1,-1,-1,2024
184,-1,-1,-1,0.19,0.50,0.23,0.08,1,0.25,0.35,0.39,2,-1,-1,-1,-1,-1,-1,3743
185,-1,-1,-1,0.47,0.14,0.04,0.35,0,0.23,0.34,0.42,2,-1,-1,-1,-1,-1,-1,2137
186,-1,-1,-1,0.06,0.30,0.23,0.41,3,0.29,0.40,0.31,1,-1,-1,-1,-1,-1,-1,3861
187,-1,-1,-1,0.17,0.42,0.15,0.26,1,0.33,0.15,0.52,2,-1,-1,-1,-1,-1,-1,861
188,-1,-1,-1,0.20,0.22,0.42,0.16,2,0.31,0.35,0.34,1,-1,-1,-1,-1,-1,-1,273
189,-1,-1,-1,0.36,0.35,0.20,0.09,0,0.45,0.13,0.42,0,-1,-1,-1,-1,-1,-1,4686
190,-1,-1,-1,0.17,0.59,0.00,0.24,1,0.16,0.24,0.59,2,-1,-1,-1,-1,-1,-1,4871
191,-1,-1,-1,0.36,0.27,0.11,0.26,0,0.26,0.52,0.23,1,-1,-1,-1,-1,-1,-1,427
192,-1,-1,-1,0.01,0.16,0.30,0.53,3,0.14,0.69,0.17,1,-1,-1,-1,-1,-1,-1,2090
193,-1,-1,-1,0.15,0.05,0.77,0.03,2,0.31,0.42,0.27,1,-1,-1,-1,-1,-1,-1,1894
194,-1,-1,-1,0.03,0.17,0.78,0.02,2,0.66,0.08,0.25,0,-1,-1,-1,-1,-1,-1,3670
195,-1,-1,-1,0.11,0.26,0.41,0.22,2,0.00,0.49,0.51,2,-1,-1,-1,-1,-1,-1,2942
196,-1,-1,-1,0.42,0.04,0.43,0.11,2,0.25,0.31,0.45,2,-1,-1,-1,-1,-1,-1,1125
197,-1,-1,-1,0.17,0.28,0.32,0.23,2,0.57,0.40,0.02,0,-1,-1,-1,-1,-1,-1,3888
198,-1,-1,-1,0.26,0.31,0.20,0.23,1,0.01,0.50,0.50,1,-1,-1,-1,-1,-1,-1,2890
199,-1,-1,-1,0.42,0.19,0.33,0.06,0,0.44,0.50,0.06,1,-1,-1,-1,-1,-1,-1,1470
200,-1,-1,-1,0.26,0.29,0.18,0.28,1,0.07,0.35,0.57,2,-1,-1,-1,-1,-1,-1,100
201,-1,-1,-1,0.35,0.30,0.13,0.22,0,0.28,0.29,0.43,2,-1,-1,-1,-1,-1,-1,4045
202,-1,-1,-1,0.29,0.09,0.30,0.33,3,0.07,0.17,0.76,2,-1,-1,-1,-1,-1,-1,2346
203,-1,-1,-1,0.11,0.33,0.39,0.17,2,0.48,0.41,0.11,0,-1,-1,-1,-1,-1,-1,2779
204,-1,-1,-1,0.05,0.37,0.28,0.30,1,0.36,0.29,0.36,0,-1,-1,-1,-1,-1,-1,3558
205,-1,-1,-1,0.23,0.37,0.10,0.31,1,0.20,0.47,0.33,1,-1,-1,-1,-1,-1,-1,3335
206,-1,-1,-1,0.01,0.30,0.34,0.34,2,0.63,0.17,0.20,0,-1,-1,-1,-1,-1,-1,3206
207,-1,-1,-1,0.23,0.18,0.28,0.31,3,0.86,0.01,0.13,0,-1,-1,-1,-1,-1,-1,640
208,-1,-1,-1,0.05,0.25,0.38,0.33,2,0.19,0.57,0.23,1,-1,-1,-1,-1,-1,-1,263
209,-1,-1,-1,0.34,0.06,0.39,0.21,2,0.31,0.45,0.24,1,-1,-1,-1,-1,-1,-1,3806
210,-1,-1,-1,0.42,0.11,0.26,0.22,0,0.10,0.16,0.74,2,-1,-1,-1,-1,-1,-1,2583
211,-1,-1,-1,0.32,0.13,0.49,0.06,2,0.08,0.40,0.52,2,-1,-1,-1,-1,-1,-1,910
212,-1,-1,-1,0.26,0.28,0.13,0.33,3,0.43,0.26,0.31,0,-1,-1,-1,-1,-1,-1,3211
213,-1,-1,-1,0.00,0.22,0.27,0.51,3,0.38,0.43,0.19,1,-1,-1,-1,-1,-1,-1,1795
214,-1,-1,-1,0.27,0.25,0.25,0.23,0,0.44,0.34,0.23,0,-1,-1,-1,-1,-1,-1,1584
215,-1,-1,-1,0.34,0.35,0.22,0.09,1,0.51,0.48,0.01,0,-1,-1,-1,-1,-1,-1,4804
216,-1,-1,-1,0.19,0.21,0.60,0.00,2,0.34,0.35,0.31,1,-1,-1,-1,-1,-1,-1,1103
217,-1,-1,-1,0.35,0.23,0.25,0.17,0,0.45,0.51,0.04,1,-1,-1,-1,-1,-1,-1,4818
218,-1,-1,-1,0.28,0.61,0.05,0.07,1,0.33,0.14,0.54,2,-1,-1,-1,-1,-1,-1,4003
219,-1,-1,-1,0.35,0.06,0.30,0.29,0,0.57,0.09,0.34,0,-1,-1,-1,-1,-1,-1,2536
220,-1,-1,-1,0.04,0.39,0.09,0.49,3,0.47,0.11,0.42,0,-1,-1,-1,-1,-1,-1,3941
221,-1,-1,-1,0.40,0.09,0.11,0.40,3,0.22,0.08,0.70,2,-1,-1,-1,-1,-1,-1,358
222,-1,-1,-1,0.26,0.31,0.29,0.14,1,0.33,0.21,0.47,2,-1,-1,-1,-1,-1,-1,2673
223,-1,-1,-1,0.55,0.31,0.07,0.08,0,0.55,0.12,0.33,0,-1,-1,-1,-1,-1,-1,914
224,-1,-1,-1,0.00,0.07,0.43,0.51,3,0.19,0.59,0.22,1,-1,-1,-1,-1,-1,-1,4476
225,-1,-1,-1,0.38,0.44,0.10,0.08,1,0.70,0.18,0.12,0,-1,-1,-1,-1,-1,-1,4840
226,-1,-1,-1,0.29,0.01,0.48,0.22,2,0.37,0.10,0.52,2,-1,-1,-1,-1,-1,-1,173
227,-1,-1,-1,0.18,0.22,0.19,0.41,3,0.43,0.08,0.49,2,-1,-1,-1,-1,-1,-1,3303
228,-1,-1,-1,0.23,0.28,0.36,0.13,2,0.18,0.16,0.65,2,-1,-1,-1,-1,-1,-1,3672
229,-1,-1,-1,0.06,0.27,0.07,0.59,3,0.49,0.25,0.25,0,-1,-1,-1,-1,-1,-1,357
230,-1,-1,-1,0.24,0.17,0.28,0.31,3,0.34,0.17,0.49,2,-1,-1,-1,-1,-1,-1,2408
231,-1,-1,-1,0.36,0.11,0.47,0.05,2,0.56,0.04,0.40,0,-1,-1,-1,-1,-1,-1,1842
232,-1,-1,-1,0.45,0.00,0.42,0.12,0,0.31,0.65,0.04,1,-1,-1,-1,-1,-1,-1,4174
233,-1,-1,-1,0.05,0.12,0.44,0.39,2,0.31,0.43,0.26,1,-1,-1,-1,-1,-1,-1,4223
234,-1,-1,-1,0.20,0.49,0.07,0.23,1,0.24,0.46,0.30,1,-1,-1,-1,-1,-1,-1,1120
235,-1,-1,-1,0.07,0.13,0.49,0.31,2,0.12,0.57,0.31,1,-1,-1,-1,-1,-1,-1,2066
236,-1,-1,-1,0.39,0.14,0.35,0.12,0,0.22,0.35,0.43,2,-1,-1,-1,-1,-1,-1,241
237,-1,-1,-1,0.44,0.08,0.29,0.20,0,0.38,0.40,0.22,1,-1,-1,-1,-1,-1,-1,2959
238,-1,-1,-1,0.33,0.02,0.33,0.31,0,0.26,0.31,0.43,2,-1,-1,-1,-1,-1,-1,251
239,-1,-1,-1,0.26,0.21,0.26,0.26,0,0.47,0.45,0.07,0,-1,-1,-1,-1,-1,-1,935
240,-1,-1,-1,0.36,0.13,0.27,0.24,0,0.27,0.35,0.38,2,-1,-1,-1,-1,-1,-1,4264
241,-1,-1,-1,0.05,0.05,0.26,0.64,3,0.50,0.49,0.01,0,-1,-1,-1,-1,-1,-1,690
242,-1,-1,-1,0.34,0.12,0.33,0.20,0,0.02,0.55,0.43,1,-1,-1,-1,-1,-1,-1,4287
243,-1,-1,-1,0.02,0.24,0.44,0.29,2,0.16,0.41,0.44,2,-1,-1,-1,-1,-1,-1,4739
244,-1,-1,-1,0.43,0.25,0.01,0.31,0,0.33,0.30,0.37,2,-1,-1,-1,-1,-1,-1,2212
245,-1,-1,-1,0.04,0.46,0.22,0.28,1,0.19,0.24,0.57,2,-1,-1,-1,-1,-1,-1,4315
246,-1,-1,-1,0.39,0.28,0.08,0.25,0,0.21,0.32,0.47,2,-1,-1,-1,-1,-1,-1,1073
247,-1,-1,-1,0.33,0.14,0.31,0.22,0,0.35,0.08,0.57,2,-1,-1,-1,-1,-1,-1,4849
248,-1,-1,-1,0.33,0.17,0.32,0.17,0,0.07,0.53,0.40,1,-1,-1,-1,-1,-1,-1,3170
249,-1,-1,-1,0.28,0.30,0.21,0.22,1,0.23,0.36,0.41,2,-1,-1,-1,-1,-1,-1,1179
250,-1,-1,-1,0.46,0.21,0.18,0.15,0,0.46,0.27,0.27,0,-1,-1,-1,-1,-1,-1,3648
251,-1,-1,-1,0.39,0.32,0.15,0.14,0,0.73,0.15,0.13,0,-1,-1,-1,-1,-1,-1,1624
252,-1,-1,-1,0.07,0.03,0.43,0.47,3,0.32,0.32,0.35,2,-1,-1,-1,-1,-1,-1,1743
253,-1,-1,-1,0.31,0.43,0.18,0.08,1,0.44,0.55,0.01,1,-1,-1,-1,-1,-1,-1,2437
254,-1,-1,-1,0.19,0.09,0.41,0.31,2,0.11,0.20,0.69,2,-1,-1,-1,-1,-1,-1,233
255,-1,-1,-1,0.33,0.27,0.10,0.30,0,0.13,0.60,0.27,1,-1,-1,-1,-1,-1,-1,468
256,-1,-1,-1,0.19,0.41,0.22,0.17,1,0.65,0.02,0.34,0,-1,-1,-1,-1,-1,-1,1597
257,-1,-1,-1,0.07,0.30,0.29,0.35,3,0.61,0.27,0.11,0,-1,-1,-1,-1,-1,-1,1806
258,-1,-1,-1,0.42,0.11,0.17,0.30,0,0.35,0.17,0.47,2,-1,-1,-1,-1,-1,-1,5018
259,-1,-1,-1,0.15,0.07,0.53,0.26,2,0.38,0.37,0.25,0,-1,-1,-1,-1,-1,-1,4915
260,-1,-1,-1,0.23,0.02,0.36,0.38,3,0.33,0.30,0.37,2,-1,-1,-1,-1,-1,-1,4858
261,-1,-1,-1,0.22,0.03,0.70,0.05,2,0.22,0.27,0.51,2,-1,-1,-1,-1,-1,-1,643
262,-1,-1,-1,0.36,0.32,0.32,0.00,0,0.20,0.66,0.14,1,-1,-1,-1,-1,-1,-1,590
263,-1,-1,-1,0.04,0.38,0.16,0.42,3,0.42,0.43,0.15,1,-1,-1,-1,-1,-1,-1,4276
264,-1,-1,-1,0.19,0.51,0.11,0.18,1,0.80,0.09,0.11,0,-1,-1,-1,-1,-1,-1,2436
265,-1,-1,-1,0.09,0.42,0.22,0.28,1,0.36,0.19,0.45,2,-1,-1,-1,-1,-1,-1,1911
266,-1,-1,-1,0.05,0.15,0.64,0.16,2,0.70,0.26,0.04,0,-1,-1,-1,-1,-1,-1,3546
267,-1,-1,-1,0.24,0.28,0.17,0.31,3,0.12,0.73,0.15,1,-1,-1,-1,-1,-1,-1,4135
268,-1,-1,-1,0.28,0.27,0.25,0.21,0,0.05,0.43,0.52,2,-1,-1,-1,-1,-1,-1,959
269,-1,-1,-1,0.05,0.59,0.24,0.12,1,0.28,0.47,0.25,1,-1,-1,-1,-1,-1,-1,3966
270,-1,-1,-1,0.31,0.15,0.30,0.23,0,0.33,0.38,0.29,1,-1,-1,-1,-1,-1,-1,999
271,-1,-1,-1,0.29,0.27,0.04,0.41,3,0.48,0.40,0.13,0,-1,-1,-1,-1,-1,-1,4171
272,-1,-1,-1,0.30,0.07,0.33,0.30,2,0.41,0.35,0.24,0,-1,-1,-1,-1,-1,-1,1451
273,-1,-1,-1,0.27,0.39,0.12,0.22,1,0.48,0.43,0.10,0,-1,-1,-1,-1,-1,-1,3752
274,-1,-1,-1,0.27,0.24,0.23,0.27,0,0.36,0.43,0.21,1,-1,-1,-1,-1,-1,-1,2234
275,-1,-1,-1,0.39,0.30,0.22,0.09,0,0.35,0.65,0.00,1,-1,-1,-1,-1,-1,-1,3528
276,-1,-1,-1,0.03,0.37,0.30,0.30,1,0.55,0.27,0.18,0,-1,-1,-1,-1,-1,-1,3439
277,-1,-1,-1,0.08,0.14,0.49,0.30,2,0.36,0.09,0.55,2,-1,-1,-1,-1,-1,-1,3605
278,-1,-1,-1,0.36,0.28,0.30,0.06,0,0.36,0.29,0.35,0,-1,-1,-1,-1,-1,-1,3926
279,-1,-1,-1,0.42,0.32,0.11,0.14,0,0.30,0.45,0.25,1,-1,-1,-1,-1,-1,-1,4231
280,-1,-1,-1,0.06,0.41,0.31,0.22,1,0.16,0.46,0.38,1,-1,-1,-1,-1,-1,-1,3077
281,-1,-1,-1,0.26,0.19,0.27,0.28,3,0.61,0.21,0.18,0,-1,-1,-1,-1,-1,-1,216
282,-1,-1,-1,0.32,0.52,0.04,0.13,1,0.01,0.14,0.85,2,-1,-1,-1,-1,-1,-1,3452
283,-1,-1,-1,0.26,0.35,0.11,0.28,1,0.45,0.39,0.16,0,-1,-1,-1,-1,-1,-1,4069
284,-1,-1,-1,0.19,0.46,0.24,0.11,1,0.74,0.13,0.14,0,-1,-1,-1,-1,-1,-1,2456
285,-1,-1,-1,0.18,0.27,0.28,0.27,2,0.10,0.51,0.39,1,-1,-1,-1,-1,-1,-1,757
286,-1,-1,-1,0.35,0.40,0.23,0.02,1,0.15,0.27,0.58,2,-1,-1,-1,-1,-1,-1,4990
287,-1,-1,-1,0.44,0.03,0.08,0.45,3,0.43,0.44,0.13,1,-1,-1,-1,-1,-1,-1,4483
288,-1,-1,-1,0.28,0.28,0.23,0.21,0,0.22,0.55,0.23,1,-1,-1,-1,-1,-1,-1,2813
289,-1,-1,-1,0.49,0.24,0.26,0.01,0,0.38,0.26,0.37,0,-1,-1,-1,-1,-1,-1,1440
290,-1,-1,-1,0.21,0.72,0.03,0.04,1,0.26,0.03,0.71,2,-1,-1,-1,-1,-1,-1,3117
291,-1,-1,-1,0.41,0.32,0.10,0.17,0,0.20,0.41,0.39,1,-1,-1,-1,-1,-1,-1,2617
292,-1,-1,-1,0.30,0.29,0.33,0.07,2,0.86,0.09,0.05,0,-1,-1,-1,-1,-1,-1,2103
293,-1,-1,-1,0.24,0.31,0.37,0.08,2,0.35,0.28,0.37,2,-1,-1,-1,-1,-1,-1,2921
294,-1,-1,-1,0.45,0.13,0.09,0.33,0,0.44,0.56,0.00,1,-1,-1,-1,-1,-1,-1,3436
295,-1,-1,-1,0.13,0.13,0.40,0.34,2,0.41,0.16,0.43,2,-1,-1,-1,-1,-1,-1,4303
296,-1,-1,-1,0.14,0.08,0.41,0.37,2,0.13,0.52,0.35,1,-1,-1,-1,-1,-1,-1,2176
297,-1,-1,-1,0.19,0.43,0.10,0.29,1,0.09,0.62,0.30,1,-1,-1,-1,-1,-1,-1,250
298,-1,-1,-1,0.03,0.36,0.22,0.39,3,0.03,0.51,0.46,1,-1,-1,-1,-1,-1,-1,1811
299,-1,-1,-1,0.63,0.03,0.02,0.32,0,0.74,0.21,0.05,0,-1,-1,-1,-1,-1,-1,4017
300,-1,-1,-1,0.08,0.00,0.57,0.35,2,0.36,0.35,0.28,0,-1,-1,-1,-1,-1,-1,2124
301,-1,-1,-1,0.20,0.24,0.28,0.28,3,0.06,0.57,0.37,1,-1,-1,-1,-1,-1,-1,394
302,-1,-1,-1,0.12,0.11,0.34,0.42,3,0.32,0.34,0.34,1,-1,-1,-1,-1,-1,-1,1527
303,-1,-1,-1,0.32,0.39,0.20,0.09,1,0.44,0.32,0.24,0,-1,-1,-1,-1,-1,-1,1796
304,-1,-1,-1,0.29,0.30,0.25,0.17,1,0.06,0.14,0.80,2,-1,-1,-1,-1,-1,-1,3300
305,-1,-1,-1,0.35,0.27,0.16,0.22,0,0.05,0.58,0.37,1,-1,-1,-1,-1,-1,-1,1549
306,-1,-1,-1,0.01,0.16,0.61,0.22,2,0.33,0.09,0.58,2,-1,-1,-1,-1,-1,-1,472
307,-1,-1,-1,0.30,0.11,0.35,0.24,2,0.56,0.28,0.16,0,-1,-1,-1,-1,-1,-1,1887
308,-1,-1,-1,0.36,0.29,0.32,0.03,0,0.28,0.71,0.01,1,-1,-1,-1,-1,-1,-1,2618
309,-1,-1,-1,0.02,0.38,0.27,0.33,1,0.45,0.27,0.28,0,-1,-1,-1,-1,-1,-1,357
310,-1,-1,-1,0.11,0.30,0.33,0.27,2,0.23,0.64,0.13,1,-1,-1,-1,-1,-1,-1,3964
311,-1,-1,-1,0.22,0.18,0.36,0.24,2,0.15,0.27,0.59,2,-1,-1,-1,-1,-1,-1,1974
312,-1,-1,-1,0.34,0.27,0.05,0.33,0,0.39,0.39,0.23,0,-1,-1,-1,-1,-1,-1,4210
313,-1,-1,-1,0.23,0.20,0.18,0.39,3,0.25,0.36,0.39,2,-1,-1,-1,-1,-1,-1,1994
314,-1,-1,-1,0.16,0.24,0.20,0.40,3,0.17,0.49,0.34,1,-1,-1,-1,-1,-1,-1,1798
315,-1,-1,-1,0.27,0.06,0.24,0.43,3,0.12,0.49,0.39,1,-1,-1,-1,-1,-1,-1,5018
316,-1,-1,-1,0.32,0.22,0.00,0.45,3,0.42,0.46,0.12,1,-1,-1,-1,-1,-1,-1,430
317,-1,-1,-1,0.24,0.40,0.08,0.28,1,0.32,0.01,0.66,2,-1,-1,-1,-1,-1,-1,4431
318,-1,-1,-1,0.17,0.65,0.04,0.14,1,0.44,0.33,0.23,0,-1,-1,-1,-1,-1,-1,4104
319,-1,-1,-1,0.17,0.12,0.34,0.36,3,0.17,0.41,0.42,2,-1,-1,-1,-1,-1,-1,4959
320,-1,-1,-1,0.46,0.17,0.04,0.33,0,0.24,0.38,0.38,1,-1,-1,-1,-1,-1,-1,3043
321,-1,-1,-1,0.24,0.24,0.20,0.32,3,0.41,0.41,0.18,0,-1,-1,-1,-1,-1,-1,1027
322,-1,-1,-1,0.39,0.26,0.13,0.22,0,0.60,0.22,0.18,0,-1,-1,-1,-1,-1,-1,3498
323,-1,-1,-1,0.01,0.53,0.03,0.43,1,0.11,0.59,0.31,1,-1,-1,-1,-1,-1,-1,4612
324,-1,-1,-1,0.19,0.41,0.09,0.31,1,0.17,0.39,0.45,2,-1,-1,-1,-1,-1,-1,4764
325,-1,-1,-1,0.43,0.10,0.24,0.23,0,0.21,0.65,0.15,1,-1,-1,-1,-1,-1,-1,895
326,-1,-1,-1,0.13,0.25,0.03,0.58,3,0.46,0.48,0.06,1,-1,-1,-1,-1,-1,-1,3708
327,-1,-1,-1,0.10,0.24,0.33,0.32,2,0.40,0.11,0.49,2,-1,-1,-1,-1,-1,-1,3581
328,-1,-1,-1,0.02,0.49,0.27,0.22,1,0.66,0.14,0.20,0,-1,-1,-1,-1,-1,-1,2792
329,-1,-1,-1,0.43,0.25,0.15,0.17,0,0.23,0.51,0.26,1,-1,-1,-1,-1,-1,-1,3429
330,-1,-1,-1,0.18,0.20,0.24,0.38,3,0.03,0.09,0.88,2,-1,-1,-1,-1,-1,-1,4631
331,-1,-1,-1,0.07,0.22,0.51,0.20,2,0.88,0.04,0.08,0,-1,-1,-1,-1,-1,-1,2706
332,-1,-1,-1,0.05,0.36,0.31,0.27,1,0.30,0.39,0.31,1,-1,-1,-1,-1,-1,-1,381
333,-1,-1,-1,0.11,0.19,0.05,0.66,3,0.26,0.55,0.19,1,-1,-1,-1,-1,-1,-1,839
334,-1,-1,-1,0.24,0.33,0.28,0.15,1,0.14,0.48,0.38,1,-1,-1,-1,-1,-1,-1,2540
335,-1,-1,-1,0.27,0.26,0.28,0.19,2,0.50,0.42,0.08,0,-1,-1,-1,-1,-1,-1,1835
336,-1,-1,-1,0.44,0.05,0.03,0.48,3,0.35,0.52,0.13,1,-1,-1,-1,-1,-1,-1,3798
337,-1,-1,-1,0.31,0.17,0.24,0.28,0,0.33,0.48,0.19,1,-1,-1,-1,-1,-1,-1,1090
338,-1,-1,-1,0.28,0.02,0.52,0.17,2,0.52,0.34,0.14,0,-1,-1,-1,-1,-1,-1,2412
339,-1,-1,-1,0.09,0.31,0.42,0.18,2,0.42,0.36,0.22,0,-1,-1,-1,-1,-1,-1,1190
340,-1,-1,-1,0.22,0.32,0.30,0.16,1,0.36,0.35,0.29,0,-1,-1,-1,-1,-1,-1,596
341,-1,-1,-1,0.09,0.30,0.61,0.01,2,0.00,0.69,0.31,1,-1,-1,-1,-1,-1,-1,4777
342,-1,-1,-1,0.23,0.28,0.28,0.21,1,0.31,0.23,0.46,2,-1,-1,-1,-1,-1,-1,1001
343,-1,-1,-1,0.11,0.49,0.01,0.39,1,0.05,0.77,0.17,1,-1,-1,-1,-1,-1,-1,550
344,-1,-1,-1,0.49,0.07,0.03,0.41,0,0.38,0.39,0.24,1,-1,-1,-1,-1,-1,-1,3098
345,-1,-1,-1,0.31,0.37,0.26,0.05,1,0.40,0.39,0.22,0,-1,-1,-1,-1,-1,-1,1122
346,-1,-1,-1,0.39,0.30,0.05,0.26,0,0.67,0.30,0.04,0,-1,-1,-1,-1,-1,-1,860
347,-1,-1,-1,0.14,0.16,0.36,0.34,2,0.11,0.43,0.46,2,-1,-1,-1,-1,-1,-1,303
348,-1,-1,-1,0.15,0.20,0.29,0.36,3,0.50,0.15,0.34,0,-1,-1,-1,-1,-1,-1,2830
349,-1,-1,-1,0.15,0.31,0.26,0.28,1,0.06,0.70,0.25,1,-1,-1,-1,-1,-1,-1,3389
350,-1,-1,-1,0.33,0.51,0.15,0.02,1,0.83,0.09,0.08,0,-1,-1,-1,-1,-1,-1,1893
351,-1,-1,-1,0.20,0.28,0.29,0.22,2,0.19,0.54,0.27,1,-1,-1,-1,-1,-1,-1,69
352,-1,-1,-1,0.48,0.02,0.07,0.44,0,0.43,0.36,0.21,0,-1,-1,-1,-1,-1,-1,1968
353,-1,-1,-1,0.49,0.05,0.38,0.07,0,0.26,0.20,0.54,2,-1,-1,-1,-1,-1,-1,1671
354,-1,-1,-1,0.09,0.36,0.12,0.42,3,0.07,0.48,0.46,1,-1,-1,-1,-1,-1,-1,2418
355,-1,-1,-1,0.17,0.20,0.42,0.21,2,0.48,0.35,0.17,0,-1,-1,-1,-1,-1,-1,4226
356,-1,-1,-1,0.02,0.31,0.27,0.40,3,0.60,0.01,0.40,0,-1,-1,-1,-1,-1,-1,1379
357,-1,-1,-1,0.36,0.21,0.18,0.24,0,0.36,0.42,0.21,1,-1,-1,-1,-1,-1,-1,1772
358,-1,-1,-1,0.24,0.38,0.22,0.17,1,0.20,0.38,0.42,2,-1,-1,-1,-1,-1,-1,2447
359,-1,-1,-1,0.33,0.19,0.26,0.23,0,0.15,0.62,0.23,1,-1,-1,-1,-1,-1,-1,3783
360,-1,-1,-1,0.23,0.33,0.27,0.16,1,0.26,0.51,0.23,1,-1,-1,-1,-1,-1,-1,441
361,-1,-1,-1,0.20,0.27,0.28,0.24,2,0.52,0.01,0.48,0,-1,-1,-1,-1,-1,-1,3991
362,-1,-1,-1,0.07,0.24,0.40,0.29,2,0.28,0.26,0.46,2,-1,-1,-1,-1,-1,-1,2235
363,-1,-1,-1,0.29,0.42,0.00,0.30,1,0.37,0.37,0.26,0,-1,-1,-1,-1,-1,-1,4912
364,-1,-1,-1,0.39,0.16,0.20,0.24,0,0.50,0.42,0.08,0,-1,-1,-1,-1,-1,-1,4547
365,-1,-1,-1,0.24,0.18,0.29,0.29,3,0.39,0.49,0.12,1,-1,-1,-1,-1,-1,-1,363
366,-1,-1,-1,0.03,0.28,0.42,0.27,2,0.46,0.26,0.28,0,-1,-1,-1,-1,-1,-1,4198
367,-1,-1,-1,0.19,0.29,0.42,0.10,2,0.70,0.08,0.22,0,-1,-1,-1,-1,-1,-1,2053
368,-1,-1,-1,0.30,0.18,0.33,0.19,2,0.22,0.52,0.26,1,-1,-1,-1,-1,-1,-1,4432
369,-1,-1,-1,0.34,0.20,0.21,0.25,0,0.27,0.28,0.45,2,-1,-1,-1,-1,-1,-1,2229
370,-1,-1,-1,0.26,0.24,0.18,0.32,3,0.03,0.61,0.36,1,-1,-1,-1,-1,-1,-1,2682
371,-1,-1,-1,0.25,0.28,0.09,0.38,3,0.30,0.37,0.33,1,-1,-1,-1,-1,-1,-1,2096
372,-1,-1,-1,0.27,0.20,0.33,0.20,2,0.14,0.24,0.61,2,-1,-1,-1,-1,-1,-1,904
373,-1,-1,-1,0.30,0.32,0.26,0.12,1,0.41,0.37,0.22,0,-1,-1,-1,-1,-1,-1,3737
374,-1,-1,-1,0.23,0.13,0.29,0.35,3,0.06,0.48,0.46,1,-1,-1,-1,-1,-1,-1,3441
375,-1,-1,-1,0.35,0.30,0.32,0.03,0,0.32,0.52,0.17,1,-1,-1,-1,-1,-1,-1,2261
376,-1,-1,-1,0.47,0.22,0.10,0.20,0,0.46,0.18,0.36,0,-1,-1,-1,-1,-1,-1,1110
377,-1,-1,-1,0.05,0.48,0.12,0.35,1,0.78,0.21,0.01,0,-1,-1,-1,-1,-1,-1,4577
378,-1,-1,-1,0.31,0.34,0.05,0.31,1,0.64,0.17,0.19,0,-1,-1,-1,-1,-1,-1,3395
379,-1,-1,-1,0.14,0.44,0.41,0.01,1,0.24,0.60,0.17,1,-1,-1,-1,-1,-1,-1,2668
380,-1,-1,-1,0.36,0.16,0.02,0.46,3,0.52,0.46,0.02,0,-1,-1,-1,-1,-1,-1,1733
381,-1,-1,-1,0.18,0.06,0.37,0.39,3,0.36,0.18,0.46,2,-1,-1,-1,-1,-1,-1,1827
382,-1,-1,-1,0.34,0.04,0.28,0.34,0,0.31,0.31,0.38,2,-1,-1,-1,-1,-1,-1,842
383,-1,-1,-1,0.36,0.03,0.24,0.37,3,0.36,0.04,0.60,2,-1,-1,-1,-1,-1,-1,978
384,-1,-1,-1,0.03,0.49,0.49,0.00,1,0.20,0.58,0.22,1,-1,-1,-1,-1,-1,-1,4877
385,-1,-1,-1,0.33,0.26,0.11,0.30,0,0.15,0.44,0.41,1,-1,-1,-1,-1,-1,-1,2488
386,-1,-1,-1,0.19,0.44,0.10,0.26,1,0.44,0.26,0.30,0,-1,-1,-1,-1,-1,-1,2766
387,-1,-1,-1,0.31,0.53,0.11,0.06,1,0.19,0.22,0.59,2,-1,-1,-1,-1,-1,-1,1718
388,-1,-1,-1,0.28,0.29,0.17,0.26,1,0.88,0.07,0.04,0,-1,-1,-1,-1,-1,-1,1528
389,-1,-1,-1,0.36,0.25,0.11,0.27,0,0.31,0.33,0.36,2,-1,-1,-1,-1,-1,-1,4076
390,-1,-1,-1,0.08,0.09,0.63,0.20,2,0.53,0.40,0.07,0,-1,-1,-1,-1,-1,-1,2434
391,-1,-1,-1,0.03,0.34,0.14,0.49,3,0.52,0.46,0.02,0,-1,-1,-1,-1,-1,-1,3217
392,-1,-1,-1,0.15,0.00,0.71,0.14,2,0.37,0.25,0.38,2,-1,-1,-1,-1,-1,-1,4144
393,-1,-1,-1,0.31,0.17,0.27,0.25,0,0.02,0.82,0.16,1,-1,-1,-1,-1,-1,-1,4148
394,-1,-1,-1,0.08,0.23,0.61,0.07,2,0.43,0.17,0.40,0,-1,-1,-1,-1,-1,-1,4523
395,-1,-1,-1,0.48,0.24,0.02,0.26,0,0.37,0.24,0.39,2,-1,-1,-1,-1,-1,-1,2075
396,-1,-1,-1,0.01,0.16,0.52,0.31,2,0.40,0.28,0.32,0,-1,-1,-1,-1,-1,-1,2838
397,-1,-1,-1,0.38,0.13,0.32,0.17,0,0.33,0.19,0.48,2,-1,-1,-1,-1,-1,-1,1784
398,-1,-1,-1,0.10,0.04,0.45,0.41,2,0.52,0.10,0.38,0,-1,-1,-1,-1,-1,-1,1570
399,-1,-1,-1,0.26,0.12,0.28,0.34,3,0.24,0.29,0.48,2,-1,-1,-1,-1,-1,-1,2293
400,-1,-1,-1,0.07,0.44,0.03,0.46,3,0.00,0.57,0.43,1,-1,-1,-1,-1,-1,-1,1355
401,-1,-1,-1,0.51,0.16,0.25,0.08,0,0.30,0.55,0.15,1,-1,-1,-1,-1,-1,-1,4314
402,-1,-1,-1,0.26,0.01,0.30,0.42,3,0.35,0.40,0.25,1,-1,-1,-1,-1,-1,-1,3705
403,-1,-1,-1,0.04,0.55,0.35,0.06,1,0.03,0.47,0.50,2,-1,-1,-1,-1,-1,-1,4324
404,-1,-1,-1,0.38,0.41,0.00,0.21,1,0.18,0.46,0.36,1,-1,-1,-1,-1,-1,-1,3247
405,-1,-1,-1,0.46,0.32,0.18,0.05,0,0.35,0.40,0.25,1,-1,-1,-1,-1,-1,-1,171
406,-1,-1,-1,0.40,0.12,0.46,0.02,2,0.44,0.13,0.43,0,-1,-1,-1,-1,-1,-1,2510
407,-1,-1,-1,0.19,0.06,0.57,0.17,2,0.45,0.41,0.14,0,-1,-1,-1,-1,-1,-1,3853
408,-1,-1,-1,0.23,0.16,0.41,0.19,2,0.26,0.15,0.59,2,-1,-1,-1,-1,-1,-1,2853
409,-1,-1,-1,0.31,0.29,0.23,0.16,0,0.47,0.23,0.30,0,-1,-1,-1,-1,-1,-1,2206
410,-1,-1,-1,0.28,0.27,0.25,0.20,0,0.44,0.45,0.11,1,-1,-1,-1,-1,-1,-1,2717
411,-1,-1,-1,0.00,0.46,0.01,0.52,3,0.32,0.33,0.35,2,-1,-1,-1,-1,-1,-1,41
412,-1,-1,-1,0.24,0.32,0.31,0.13,1,0.61,0.11,0.28,0,-1,-1,-1,-1,-1,-1,514
413,-1,-1,-1,0.18,0.24,0.37,0.21,2,0.38,0.56,0.06,1,-1,-1,-1,-1,-1,-1,2503
414,-1,-1,-1,0.48,0.38,0.01,0.13,0,0.35,0.05,0.60,2,-1,-1,-1,-1,-1,-1,469
415,-1,-1,-1,0.30,0.08,0.30,0.33,3,0.36,0.25,0.39,2,-1,-1,-1,-1,-1,-1,975
416,-1,-1,-1,0.22,0.25,0.35,0.18,2,0.50,0.33,0.17,0,-1,-1,-1,-1,-1,-1,4830
417,-1,-1,-1,0.21,0.42,0.33,0.05,1,0.22,0.63,0.15,1,-1,-1,-1,-1,-1,-1,2502
418,-1,-1,-1,0.34,0.32,0.32,0.03,0,0.32,0.43,0.25,1,-1,-1,-1,-1,-1,-1,447
419,-1,-1,-1,0.25,0.30,0.15,0.30,1,0.39,0.00,0.61,2,-1,-1,-1,-1,-1,-1,544
420,-1,-1,-1,0.34,0.14,0.27,0.25,0,0.33,0.12,0.55,2,-1,-1,-1,-1,-1,-1,4752
421,-1,-1,-1,0.31,0.25,0.37,0.07,2,0.16,0.38,0.46,2,-1,-1,-1,-1,-1,-1,4429
422,-1,-1,-1,0.15,0.20,0.37,0.28,2,0.09,0.36,0.55,2,-1,-1,-1,-1,-1,-1,1126
423,-1,-1,-1,0.36,0.40,0.05,0.20,1,0.31,0.24,0.45,2,-1,-1,-1,-1,-1,-1,2229
424,-1,-1,-1,0.22,0.24,0.18,0.36,3,0.65,0.12,0.23,0,-1,-1,-1,-1,-1,-1,2071
425,-1,-1,-1,0.25,0.12,0.46,0.16,2,0.41,0.41,0.17,0,-1,-1,-1,-1,-1,-1,4513
426,-1,-1,-1,0.25,0.14,0.47,0.14,2,0.18,0.23,0.59,2,-1,-1,-1,-1,-1,-1,3958
427,-1,-1,-1,0.29,0.28,0.20,0.23,0,0.09,0.44,0.48,2,-1,-1,-1,-1,-1,-1,1765
428,-1,-1,-1,0.13,0.20,0.33,0.34,3,0.48,0.44,0.08,0,-1,-1,-1,-1,-1,-1,432
429,-1,-1,-1,0.38,0.09,0.13,0.40,3,0.40,0.25,0.35,0,-1,-1,-1,-1,-1,-1,732
430,-1,-1,-1,0.17,0.26,0.29,0.28,2,0.40,0.19,0.40,0,-1,-1,-1,-1,-1,-1,1499
431,-1,-1,-1,0.00,0.29,0.16,0.55,3,0.63,0.34,0.03,0,-1,-1,-1,-1,-1,-1,205
432,-1,-1,-1,0.13,0.31,0.28,0.28,1,0.03,0.35,0.61,2,-1,-1,-1,-1,-1,-1,1670
433,-1,-1,-1,0.03,0.26,0.44,0.27,2,0.08,0.12,0.81,2,-1,-1,-1,-1,-1,-1,2878
434,-1,-1,-1,0.15,0.30,0.37,0.19,2,0.31,0.41,0.28,1,-1,-1,-1,-1,-1,-1,4414
435,-1,-1,-1,0.05,0.40,0.25,0.30,1,0.46,0.25,0.29,0,-1,-1,-1,-1,-1,-1,4622
436,-1,-1,-1,0.07,0.28,0.24,0.41,3,0.70,0.17,0.13,0,-1,-1,-1,-1,-1,-1,1654
437,-1,-1,-1,0.44,0.41,0.06,0.09,0,0.51,0.42,0.07,0,-1,-1,-1,-1,-1,-1,1568
438,-1,-1,-1,0.44,0.38,0.15,0.03,0,0.25,0.71,0.04,1,-1,-1,-1,-1,-1,-1,4465
439,-1,-1,-1,0.45,0.06,0.42,0.07,0,0.08,0.08,0.83,2,-1,-1,-1,-1,-1,-1,3853
440,-1,-1,-1,0.18,0.43,0.02,0.38,1,0.18,0.35,0.47,2,-1,-1,-1,-1,-1,-1,233
441,-1,-1,-1,0.28,0.53,0.13,0.05,1,0.44,0.04,0.53,2,-1,-1,-1,-1,-1,-1,2053
442,-1,-1,-1,0.00,0.18,0.27,0.56,3,0.40,0.25,0.34,0,-1,-1,-1,-1,-1,-1,1722
443,-1,-1,-1,0.13,0.34,0.23,0.30,1,0.33,0.25,0.42,2,-1,-1,-1,-1,-1,-1,2162
444,-1,-1,-1,0.25,0.24,0.41,0.10,2,0.60,0.13,0.27,0,-1,-1,-1,-1,-1,-1,3066
445,-1,-1,-1,0.23,0.12,0.14,0.51,3,0.37,0.10,0.54,2,-1,-1,-1,-1,-1,-1,2578
446,-1,-1,-1,0.59,0.16,0.23,0.02,0,0.06,0.66,0.28,1,-1,-1,-1,-1,-1,-1,2863
447,-1,-1,-1,0.07,0.50,0.40,0.02,1,0.46,0.08,0.46,2,-1,-1,-1,-1,-1,-1,3120
448,-1,-1,-1,0.22,0.25,0.10,0.44,3,0.81,0.16,0.03,0,-1,-1,-1,-1,-1,-1,3277
449,-1,-1,-1,0.13,0.33,0.39,0.16,2,0.37,0.46,0.17,1,-1,-1,-1,-1,-1,-1,3298
450,-1,-1,-1,0.15,0.48,0.27,0.09,1,0.27,0.21,0.51,2,-1,-1,-1,-1,-1,-1,1772
451,-1,-1,-1,0.20,0.37,0.41,0.02,2,0.59,0.23,0.18,0,-1,-1,-1,-1,-1,-1,2857
452,-1,-1,-1,0.32,0.21,0.23,0.25,0,0.43,0.04,0.53,2,-1,-1,-1,-1,-1,-1,3532
453,-1,-1,-1,0.08,0.24,0.34,0.33,2,0.39,0.39,0.22,1,-1,-1,-1,-1,-1,-1,3232
454,-1,-1,-1,0.21,0.28,0.31,0.20,2,0.28,0.42,0.30,1,-1,-1,-1,-1,-1,-1,3939
455,-1,-1,-1,0.14,0.31,0.36,0.19,2,0.18,0.13,0.69,2,-1,-1,-1,-1,-1,-1,3400
456,-1,-1,-1,0.18,0.53,0.21,0.07,1,0.33,0.00,0.67,2,-1,-1,-1,-1,-1,-1,3999
457,-1,-1,-1,0.45,0.13,0.28,0.14,0,0.33,0.33,0.34,2,-1,-1,-1,-1,-1,-1,1147
458,-1,-1,-1,0.42,0.10,0.36,0.12,0,0.35,0.35,0.30,0,-1,-1,-1,-1,-1,-1,4188
459,-1,-1,-1,0.29,0.14,0.19,0.38,3,0.41,0.46,0.13,1,-1,-1,-1,-1,-1,-1,1573
460,-1,-1,-1,0.04,0.34,0.26,0.36,3,0.27,0.48,0.25,1,-1,-1,-1,-1,-1,-1,4963
461,-1,-1,-1,0.16,0.28,0.54,0.02,2,0.19,0.29,0.52,2,-1,-1,-1,-1,-1,-1,3883
462,-1,-1,-1,0.32,0.13,0.33,0.22,2,0.25,0.17,0.58,2,-1,-1,-1,-1,-1,-1,4173
463,-1,-1,-1,0.34,0.27,0.10,0.30,0,0.03,0.50,0.48,1,-1,-1,-1,-1,-1,-1,1883
464,-1,-1,-1,0.17,0.31,0.27,0.26,1,0.46,0.51,0.03,1,-1,-1,-1,-1,-1,-1,1399
465,-1,-1,-1,0.29,0.33,0.20,0.18,1,0.57,0.06,0.37,0,-1,-1,-1,-1,-1,-1,446
466,-1,-1,-1,0.21,0.04,0.08,0.67,3,0.40,0.53,0.07,1,-1,-1,-1,-1,-1,-1,4398
467,-1,-1,-1,0.33,0.38,0.28,0.00,1,0.40,0.33,0.26,0,-1,-1,-1,-1,-1,-1,1968
468,-1,-1,-1,0.12,0.40,0.40,0.07,1,0.74,0.03,0.23,0,-1,-1,-1,-1,-1,-1,1858
469,-1,-1,-1,0.30,0.21,0.24,0.25,0,0.25,0.37,0.38,2,-1,-1,-1,-1,-1,-1,3686
470,-1,-1,-1,0.13,0.22,0.32,0.33,3,0.35,0.36,0.28,1,-1,-1,-1,-1,-1,-1,4804
471,-1,-1,-1,0.19,0.30,0.22,0.28,1,0.05,0.61,0.35,1,-1,-1,-1,-1,-1,-1,5017
472,-1,-1,-1,0.02,0.30,0.59,0.09,2,0.15,0.85,0.00,1,-1,-1,-1,-1,-1,-1,405
473,-1,-1,-1,0.23,0.21,0.27,0.29,3,0.22,0.23,0.56,2,-1,-1,-1,-1,-1,-1,1951
474,-1,-1,-1,0.00,0.18,0.23,0.59,3,0.43,0.12,0.45,2,-1,-1,-1,-1,-1,-1,3449
475,-1,-1,-1,0.21,0.34,0.28,0.17,1,0.14,0.37,0.49,2,-1,-1,-1,-1,-1,-1,3415
476,-1,-1,-1,0.34,0.20,0.34,0.12,0,0.29,0.43,0.27,1,-1,-1,-1,-1,-1,-1,231
477,-1,-1,-1,0.37,0.17,0.20,0.26,0,0.39,0.35,0.26,0,-1,-1,-1,-1,-1,-1,1511
478,-1,-1,-1,0.13,0.26,0.34,0.27,2,0.28,0.33,0.39,2,-1,-1,-1,-1,-1,-1,3966
479,-1,-1,-1,0.32,0.19,0.32,0.17,2,0.45,0.13,0.42,0,-1,-1,-1,-1,-1,-1,279
480,-1,-1,-1,0.08,0.13,0.46,0.33,2,0.41,0.53,0.06,1,-1,-1,-1,-1,-1,-1,1384
481,-1,-1,-1,0.24,0.10,0.21,0.46,3,0.88,0.11,0.01,0,-1,-1,-1,-1,-1,-1,4377
482,-1,-1,-1,0.04,0.49,0.12,0.34,1,0.26,0.74,0.00,1,-1,-1,-1,-1,-1,-1,310
483,-1,-1,-1,0.36,0.13,0.19,0.32,0,0.54,0.45,0.01,0,-1,-1,-1,-1,-1,-1,2419
484,-1,-1,-1,0.34,0.45,0.10,0.11,1,0.52,0.48,0.00,0,-1,-1,-1,-1,-1,-1,3435
485,-1,-1,-1,0.10,0.26,0.42,0.22,2,0.60,0.13,0.27,0,-1,-1,-1,-1,-1,-1,3341
486,-1,-1,-1,0.31,0.38,0.24,0.07,1,0.21,0.33,0.45,2,-1,-1,-1,-1,-1,-1,3907
487,-1,-1,-1,0.27,0.21,0.21,0.31,3,0.38,0.31,0.31,0,-1,-1,-1,-1,-1,-1,3875
488,-1,-1,-1,0.08,0.21,0.43,0.28,2,0.32,0.47,0.22,1,-1,-1,-1,-1,-1,-1,4088
489,-1,-1,-1,0.24,0.16,0.32,0.28,2,0.13,0.22,0.66,2,-1,-1,-1,-1,-1,-1,3044
490,-1,-1,-1,0.27,0.05,0.22,0.47,3,0.41,0.18,0.41,0,-1,-1,-1,-1,-1,-1,4824
491,-1,-1,-1,0.42,0.22,0.11,0.25,0,0.65,0.30,0.05,0,-1,-1,-1,-1,-1,-1,461
492,-1,-1,-1,0.21,0.17,0.22,0.39,3,0.35,0.34,0.31,0,-1,-1,-1,-1,-1,-1,2037
493,-1,-1,-1,0.04,0.09,0.67,0.21,2,0.22,0.36,0.42,2,-1,-1,-1,-1,-1,-1,1673
494,-1,-1,-1,0.25,0.36,0.31,0.08,1,0.62,0.18,0.20,0,-1,-1,-1,-1,-1,-1,4877
495,-1,-1,-1,0.30,0.13,0.19,0.38,3,0.54,0.27,0.20,0,-1,-1,-1,-1,-1,-1,3900
496,-1,-1,-1,0.21,0.26,0.19,0.34,3,0.09,0.37,0.55,2,-1,-1,-1,-1,-1,-1,3571
497,-1,-1,-1,0.32,0.21,0.32,0.15,2,0.30,0.43,0.27,1,-1,-1,-1,-1,-1,-1,4020
498,-1,-1,-1,0.16,0.56,0.00,0.29,1,0.47,0.13,0.40,0,-1,-1,-1,-1,-1,-1,1290
499,-1,-1,-1,0.34,0.28,0.23,0.16,0,0.28,0.48,0.24,1,-1,-1,-1,-1,-1,-1,1083
500,-1,-1,-1,0.35,0.25,0.30,0.10,0,0.03,0.48,0.49,2,-1,-1,-1,-1,-1,-1,3167
501,-1,-1,-1,0.10,0.45,0.16,0.29,1,0.24,0.39,0.36,1,-1,-1,-1,-1,-1,-1,433
502,-1,-1,-1,0.32,0.25,0.20,0.24,0,0.37,0.37,0.26,0,-1,-1,-1,-1,-1,-1,3529
503,-1,-1,-1,0.36,0.27,0.11,0.26,0,0.37,0.37,0.26,1,-1,-1,-1,-1,-1,-1,3289
504,-1,-1,-1,0.22,0.26,0.27,0.25,2,0.35,0.35,0.31,0,-1,-1,-1,-1,-1,-1,3990
505,-1,-1,-1,0.22,0.58,0.13,0.06,1,0.23,0.28,0.50,2,-1,-1,-1,-1,-1,-1,1909
506,-1,-1,-1,0.39,0.07,0.30,0.24,0,0.50,0.08,0.42,0,-1,-1,-1,-1,-1,-1,1664
507,-1,-1,-1,0.17,0.34,0.35,0.14,2,0.38,0.22,0.40,2,-1,-1,-1,-1,-1,-1,4213
508,-1,-1,-1,0.03,0.46,0.49,0.02,2,0.33,0.42,0.26,1,-1,-1,-1,-1,-1,-1,1893
509,-1,-1,-1,0.31,0.20,0.15,0.35,3,0.42,0.01,0.57,2,-1,-1,-1,-1,-1,-1,3416
510,-1,-1,-1,0.24,0.10,0.39,0.26,2,0.38,0.04,0.58,2,-1,-1,-1,-1,-1,-1,4741
511,-1,-1,-1,0.08,0.20,0.23,0.50,3,0.52,0.42,0.06,0,-1,-1,-1,-1,-1,-1,965
512,-1,-1,-1,0.13,0.43,0.18,0.26,1,0.50,0.25,0.26,0,-1,-1,-1,-1,-1,-1,1019
513,-1,-1,-1,0.46,0.06,0.31,0.16,0,0.19,0.39,0.42,2,-1,-1,-1,-1,-1,-1,2945
514,-1,-1,-1,0.36,0.09,0.19,0.36,0,0.52,0.18,0.30,0,-1,-1,-1,-1,-1,-1,4728
515,-1,-1,-1,0.31,0.06,0.54,0.09,2,0.23,0.74,0.03,1,-1,-1,-1,-1,-1,-1,2355
516,-1,-1,-1,0.20,0.47,0.14,0.20,1,0.66,0.28,0.06,0,-1,-1,-1,-1,-1,-1,916
517,-1,-1,-1,0.20,0.33,0.21,0.26,1,0.27,0.35,0.39,2,-1,-1,-1,-1,-1,-1,1332
518,-1,-1,-1,0.30,0.29,0.30,0.11,0,0.29,0.21,0.50,2,-1,-1,-1,-1,-1,-1,1704
519,-1,-1,-1,0.20,0.27,0.46,0.07,2,0.31,0.64,0.05,1,-1,-1,-1,-1,-1,-1,605
520,-1,-1,-1,0.22,0.22,0.46,0.11,2,0.51,0.22,0.28,0,-1,-1,-1,-1,-1,-1,815
521,-1,-1,-1,0.15,0.04,0.67,0.14,2,0.37,0.23,0.40,2,-1,-1,-1,-1,-1,-1,3123
522,-1,-1,-1,0.26,0.25,0.17,0.31,3,0.36,0.32,0.32,0,-1,-1,-1,-1,-1,-1,4560
523,-1,-1,-1,0.24,0.22,0.34,0.19,2,0.32,0.53,0.15,1,-1,-1,-1,-1,-1,-1,3076
524,-1,-1,-1,0.47,0.17,0.18,0.18,0,0.10,0.59,0.31,1,-1,-1,-1,-1,-1,-1,331
525,-1,-1,-1,0.42,0.28,0.12,0.18,0,0.30,0.41,0.30,1,-1,-1,-1,-1,-1,-1,1005
526,-1,-1,-1,0.17,0.23,0.31,0.29,2,0.38,0.48,0.15,1,-1,-1,-1,-1,-1,-1,1585
527,-1,-1,-1,0.28,0.29,0.13,0.29,1,0.10,0.33,0.57,2,-1,-1,-1,-1,-1,-1,1551
528,-1,-1,-1,0.08,0.35,0.34,0.23,1,0.25,0.32,0.42,2,-1,-1,-1,-1,-1,-1,2398
529,-1,-1,-1,0.46,0.05,0.11,0.38,0,0.14,0.21,0.65,2,-1,-1,-1,-1,-1,-1,1398
530,-1,-1,-1,0.14,0.19,0.30,0.36,3,0.24,0.55,0.21,1,-1,-1,-1,-1,-1,-1,1665
531,-1,-1,-1,0.32,0.10,0.37,0.21,2,0.35,0.29,0.35,0,-1,-1,-1,-1,-1,-1,4681
532,-1,-1,-1,0.04,0.53,0.42,0.01,1,0.48,0.39,0.13,0,-1,-1,-1,-1,-1,-1,4595
533,-1,-1,-1,0.33,0.33,0.05,0.28,0,0.23,0.37,0.41,2,-1,-1,-1,-1,-1,-1,4989
534,-1,-1,-1,0.22,0.45,0.06,0.27,1,0.44,0.39,0.17,0,-1,-1,-1,-1,-1,-1,929
535,-1,-1,-1,0.15,0.29,0.26,0.29,1,0.22,0.43,0.35,1,-1,-1,-1,-1,-1,-1,3492
536,-1,-1,-1,0.38,0.41,0.05,0.16,1,0.09,0.41,0.50,2,-1,-1,-1,-1,-1,-1,4404
537,-1,-1,-1,0.20,0.22,0.32,0.25,2,0.01,0.52,0.47,1,-1,-1,-1,-1,-1,-1,3569
538,-1,-1,-1,0.35,0.35,0.10,0.20,0,0.12,0.58,0.30,1,-1,-1,-1,-1,-1,-1,3694
539,-1,-1,-1,0.20,0.31,0.20,0.28,1,0.11,0.60,0.28,1,-1,-1,-1,-1,-1,-1,1556
540,-1,-1,-1,0.36,0.07,0.10,0.47,3,0.06,0.94,0.00,1,-1,-1,-1,-1,-1,-1,4027
541,-1,-1,-1,0.14,0.39,0.29,0.18,1,0.16,0.11,0.73,2,-1,-1,-1,-1,-1,-1,2875
542,-1,-1,-1,0.28,0.29,0.03,0.40,3,0.37,0.47,0.16,1,-1,-1,-1,-1,-1,-1,4978
543,-1,-1,-1,0.28,0.24,0.25,0.22,0,0.37,0.20,0.43,2,-1,-1,-1,-1,-1,-1,1313
544,-1,-1,-1,0.15,0.56,0.04,0.25,1,0.33,0.22,0.45,2,-1,-1,-1,-1,-1,-1,3672
545,-1,-1,-1,0.23,0.08,0.24,0.45,3,0.49,0.02,0.48,0,-1,-1,-1,-1,-1,-1,3620
546,-1,-1,-1,0.25,0.49,0.04,0.23,1,0.18,0.35,0.46,2,-1,-1,-1,-1,-1,-1,251
547,-1,-1,-1,0.30,0.19,0.25,0.26,0,0.87,0.03,0.10,0,-1,-1,-1,-1,-1,-1,1361
548,-1,-1,-1,0.40,0.11,0.23,0.26,0,0.11,0.27,0.62,2,-1,-1,-1,-1,-1,-1,3568
549,-1,-1,-1,0.01,0.36,0.23,0.40,3,0.40,0.13,0.46,2,-1,-1,-1,-1,-1,-1,4472
550,-1,-1,-1,0.37,0.13,0.13,0.36,0,0.31,0.53,0.16,1,-1,-1,-1,-1,-1,-1,1103
551,-1,-1,-1,0.28,0.22,0.24,0.26,0,0.12,0.53,0.35,1,-1,-1,-1,-1,-1,-1,4393
552,-1,-1,-1,0.15,0.36,0.20,0.30,1,0.14,0.39,0.47,2,-1,-1,-1,-1,-1,-1,1517
553,-1,-1,-1,0.40,0.34,0.06,0.19,0,0.68,0.27,0.05,0,-1,-1,-1,-1,-1,-1,2208
554,-1,-1,-1,0.14,0.18,0.38,0.29,2,0.71,0.23,0.05,0,-1,-1,-1,-1,-1,-1,4477
555,-1,-1,-1,0.28,0.29,0.13,0.30,3,0.34,0.26,0.40,2,-1,-1,-1,-1,-1,-1,3047
556,-1,-1,-1,0.28,0.12,0.28,0.33,3,0.00,0.12,0.88,2,-1,-1,-1,-1,-1,-1,3153
557,-1,-1,-1,0.51,0.20,0.03,0.25,0,0.15,0.46,0.39,1,-1,-1,-1,-1,-1,-1,4483
558,-1,-1,-1,0.60,0.04,0.24,0.12,0,0.41,0.45,0.14,1,-1,-1,-1,-1,-1,-1,4787
559,-1,-1,-1,0.04,0.44,0.45,0.07,2,0.08,0.50,0.42,1,-1,-1,-1,-1,-1,-1,2059
560,-1,-1,-1,0.38,0.22,0.15,0.25,0,0.53,0.47,0.00,0,-1,-1,-1,-1,-1,-1,2766
561,-1,-1,-1,0.34,0.06,0.32,0.28,0,0.14,0.81,0.06,1,-1,-1,-1,-1,-1,-1,4753
562,-1,-1,-1,0.28,0.19,0.29,0.24,2,0.65,0.11,0.24,0,-1,-1,-1,-1,-1,-1,1281
563,-1,-1,-1,0.32,0.21,0.27,0.20,0,0.29,0.58,0.13,1,-1,-1,-1,-1,-1,-1,4289
564,-1,-1,-1,0.15,0.20,0.39,0.26,2,0.42,0.49,0.09,1,-1,-1,-1,-1,-1,-1,3079
565,-1,-1,-1,0.24,0.19,0.38,0.19,2,0.44,0.12,0.44,0,-1,-1,-1,-1,-1,-1,1962
566,-1,-1,-1,0.38,0.28,0.33,0.02,0,0.17,0.23,0.60,2,-1,-1,-1,-1,-1,-1,4442
567,-1,-1,-1,0.19,0.48,0.00,0.33,1,0.30,0.09,0.60,2,-1,-1,-1,-1,-1,-1,266
568,-1,-1,-1,0.24,0.32,0.13,0.30,1,0.52,0.41,0.06,0,-1,-1,-1,-1,-1,-1,3822
569,-1,-1,-1,0.12,0.15,0.51,0.22,2,0.46,0.37,0.17,0,-1,-1,-1,-1,-1,-1,3740
570,-1,-1,-1,0.23,0.03,0.18,0.57,3,0.39,0.26,0.35,0,-1,-1,-1,-1,-1,-1,1787
571,-1,-1,-1,0.62,0.07,0.23,0.07,0,0.38,0.23,0.39,2,-1,-1,-1,-1,-1,-1,3202
572,-1,-1,-1,0.38,0.03,0.35,0.23,0,0.37,0.37,0.26,1,-1,-1,-1,-1,-1,-1,2831
573,-1,-1,-1,0.32,0.20,0.39,0.09,2,0.30,0.45,0.25,1,-1,-1,-1,-1,-1,-1,1810
574,-1,-1,-1,0.42,0.21,0.02,0.35,0,0.03,0.67,0.29,1,-1,-1,-1,-1,-1,-1,1008
575,-1,-1,-1,0.17,0.46,0.36,0.01,1,0.61,0.02,0.37,0,-1,-1,-1,-1,-1,-1,1647
576,-1,-1,-1,0.27,0.62,0.06,0.05,1,0.40,0.56,0.04,1,-1,-1,-1,-1,-1,-1,3704
577,-1,-1,-1,0.11,0.24,0.21,0.45,3,0.52,0.38,0.10,0,-1,-1,-1,-1,-1,-1,4023
578,-1,-1,-1,0.36,0.46,0.11,0.06,1,0.06,0.71,0.23,1,-1,-1,-1,-1,-1,-1,1727
579,-1,-1,-1,0.06,0.59,0.13,0.22,1,0.25,0.39,0.36,1,-1,-1,-1,-1,-1,-1,2448
580,-1,-1,-1,0.04,0.53,0.38,0.06,1,0.31,0.39,0.30,1,-1,-1,-1,-1,-1,-1,2407
581,-1,-1,-1,0.34,0.33,0.33,0.00,0,0.10,0.82,0.08,1,-1,-1,-1,-1,-1,-1,4004
582,-1,-1,-1,0.33,0.01,0.28,0.39,3,0.08,0.66,0.26,1,-1,-1,-1,-1,-1,-1,1086
583,-1,-1,-1,0.14,0.42,0.03,0.42,1,0.38,0.27,0.35,0,-1,-1,-1,-1,-1,-1,404
584,-1,-1,-1,0.39,0.04,0.29,0.29,0,0.34,0.34,0.31,0,-1,-1,-1,-1,-1,-1,4087
585,-1,-1,-1,0.24,0.09,0.34,0.32,2,0.06,0.55,0.38,1,-1,-1,-1,-1,-1,-1,830
586,-1,-1,-1,0.29,0.32,0.14,0.26,1,0.26,0.50,0.24,1,-1,-1,-1,-1,-1,-1,3080
587,-1,-1,-1,0.05,0.45,0.09,0.40,1,0.23,0.26,0.51,2,-1,-1,-1,-1,-1,-1,955
588,-1,-1,-1,0.31,0.66,0.03,0.00,1,0.18,0.32,0.50,2,-1,-1,-1,-1,-1,-1,2849
589,-1,-1,-1,0.04,0.44,0.39,0.13,1,0.22,0.23,0.55,2,-1,-1,-1,-1,-1,-1,3705
590,-1,-1,-1,0.32,0.22,0.06,0.39,3,0.12,0.45,0.43,1,-1,-1,-1,-1,-1,-1,2758
591,-1,-1,-1,0.42,0.41,0.16,0.02,0,0.10,0.42,0.48,2,-1,-1,-1,-1,-1,-1,72
592,-1,-1,-1,0.21,0.53,0.20,0.05,1,0.23,0.29,0.48,2,-1,-1,-1,-1,-1,-1,3823
593,-1,-1,-1,0.37,0.22,0.38,0.02,2,0.10,0.45,0.45,1,-1,-1,-1,-1,-1,-1,4651
594,-1,-1,-1,0.30,0.07,0.24,0.39,3,0.68,0.28,0.04,0,-1,-1,-1,-1,-1,-1,2990
595,-1,-1,-1,0.14,0.30,0.29,0.27,1,0.52,0.06,0.42,0,-1,-1,-1,-1,-1,-1,645
596,-1,-1,-1,0.29,0.29,0.25,0.18,0,0.41,0.37,0.22,0,-1,-1,-1,-1,-1,-1,3418
597,-1,-1,-1,0.11,0.36,0.34,0.19,1,0.41,0.38,0.22,0,-1,-1,-1,-1,-1,-1,4574
598,-1,-1,-1,0.24,0.27,0.25,0.24,1,0.39,0.45,0.17,1,-1,-1,-1,-1,-1,-1,2929
599,-1,-1,-1,0.20,0.40,0.39,0.01,1,0.26,0.21,0.53,2,-1,-1,-1,-1,-1,-1,567
600,-1,-1,-1,0.28,0.32,0.06,0.34,3,0.06,0.11,0.83,2,-1,-1,-1,-1,-1,-1,2860
601,-1,-1,-1,0.29,0.31,0.33,0.07,2,0.48,0.25,0.28,0,-1,-1,-1,-1,-1,-1,213
602,-1,-1,-1,0.11,0.16,0.33,0.40,3,0.43,0.11,0.46,2,-1,-1,-1,-1,-1,-1,981
603,-1,-1,-1,0.45,0.12,0.27,0.17,0,0.36,0.18,0.46,2,-1,-1,-1,-1,-1,-1,3015
604,-1,-1,-1,0.23,0.15,0.59,0.04,2,0.47,0.19,0.34,0,-1,-1,-1,-1,-1,-1,4312
605,-1,-1,-1,0.20,0.27,0.08,0.44,3,0.44,0.26,0.30,0,-1,-1,-1,-1,-1,-1,894
606,-1,-1,-1,0.28,0.16,0.33,0.23,2,0.43,0.41,0.17,0,-1,-1,-1,-1,-1,-1,894
607,-1,-1,-1,0.25,0.40,0.22,0.14,1,0.17,0.34,0.49,2,-1,-1,-1,-1,-1,-1,114
608,-1,-1,-1,0.30,0.00,0.43,0.27,2,0.38,0.60,0.02,1,-1,-1,-1,-1,-1,-1,3024
609,-1,-1,-1,0.28,0.16,0.30,0.26,2,0.49,0.15,0.36,0,-1,-1,-1,-1,-1,-1,3293
610,-1,-1,-1,0.15,0.32,0.30,0.22,1,0.38,0.54,0.09,1,-1,-1,-1,-1,-1,-1,1471
611,-1,-1,-1,0.36,0.11,0.33,0.20,0,0.57,0.39,0.04,0,-1,-1,-1,-1,-1,-1,1265
612,-1,-1,-1,0.38,0.10,0.49,0.03,2,0.14,0.52,0.34,1,-1,-1,-1,-1,-1,-1,3125
613,-1,-1,-1,0.45,0.06,0.02,0.47,3,0.16,0.34,0.50,2,-1,-1,-1,-1,-1,-1,3016
614,-1,-1,-1,0.17,0.10,0.45,0.28,2,0.32,0.68,0.00,1,-1,-1,-1,-1,-1,-1,2758
615,-1,-1,-1,0.02,0.19,0.26,0.53,3,0.27,0.42,0.31,1,-1,-1,-1,-1,-1,-1,4932
616,-1,-1,-1,0.36,0.46,0.14,0.04,1,0.30,0.06,0.64,2,-1,-1,-1,-1,-1,-1,3644
617,-1,-1,-1,0.34,0.26,0.26,0.14,0,0.05,0.61,0.34,1,-1,-1,-1,-1,-1,-1,282
618,-1,-1,-1,0.37,0.01,0.15,0.48,3,0.31,0.43,0.26,1,-1,-1,-1,-1,-1,-1,3326
619,-1,-1,-1,0.28,0.27,0.07,0.38,3,0.54,0.03,0.43,0,-1,-1,-1,-1,-1,-1,4001
620,-1,-1,-1,0.03,0.04,0.31,0.62,3,0.40,0.29,0.30,0,-1,-1,-1,-1,-1,-1,4980
621,-1,-1,-1,0.29,0.33,0.06,0.33,1,0.61,0.18,0.21,0,-1,-1,-1,-1,-1,-1,840
622,-1,-1,-1,0.28,0.30,0.11,0.31,3,0.18,0.45,0.36,1,-1,-1,-1,-1,-1,-1,302
623,-1,-1,-1,0.48,0.07,0.04,0.41,0,0.20,0.50,0.30,1,-1,-1,-1,-1,-1,-1,3633
624,-1,-1,-1,0.03,0.21,0.41,0.34,2,0.44,0.32,0.24,0,-1,-1,-1,-1,-1,-1,3391
625,-1,-1,-1,0.29,0.27,0.28,0.16,0,0.22,0.39,0.39,1,-1,-1,-1,-1,-1,-1,4423
626,-1,-1,-1,0.60,0.14,0.04,0.21,0,0.19,0.43,0.38,1,-1,-1,-1,-1,-1,-1,2942
627,-1,-1,-1,0.11,0.43,0.30,0.17,1,0.56,0.27,0.17,0,-1,-1,-1,-1,-1,-1,579
628,-1,-1,-1,0.19,0.26,0.27,0.28,3,0.18,0.69,0.13,1,-1,-1,-1,-1,-1,-1,1128
629,-1,-1,-1,0.49,0.04,0.39,0.08,0,0.16,0.67,0.17,1,-1,-1,-1,-1,-1,-1,3567
630,-1,-1,-1,0.14,0.23,0.32,0.31,2,0.02,0.52,0.46,1,-1,-1,-1,-1,-1,-1,2504
631,-1,-1,-1,0.31,0.38,0.03,0.28,1,0.18,0.21,0.61,2,-1,-1,-1,-1,-1,-1,743
632,-1,-1,-1,0.13,0.22,0.23,0.41,3,0.34,0.44,0.22,1,-1,-1,-1,-1,-1,-1,586
633,-1,-1,-1,0.20,0.22,0.37,0.20,2,0.09,0.53,0.38,1,-1,-1,-1,-1,-1,-1,1019
634,-1,-1,-1,0.21,0.03,0.37,0.39,3,0.20,0.20,0.60,2,-1,-1,-1,-1,-1,-1,2950
635,-1,-1,-1,0.23,0.39,0.21,0.17,1,0.12,0.23,0.64,2,-1,-1,-1,-1,-1,-1,3324
636,-1,-1,-1,0.16,0.34,0.34,0.15,1,0.36,0.23,0.41,2,-1,-1,-1,-1,-1,-1,4233
637,-1,-1,-1,0.06,0.05,0.41,0.48,3,0.35,0.36,0.29,1,-1,-1,-1,-1,-1,-1,4501
638,-1,-1,-1,0.20,0.26,0.46,0.08,2,0.21,0.35,0.44,2,-1,-1,-1,-1,-1,-1,2538
639,-1,-1,-1,0.05,0.41,0.03,0.50,3,0.41,0.46,0.13,1,-1,-1,-1,-1,-1,-1,4135
640,-1,-1,-1,0.27,0.00,0.18,0.54,3,0.51,0.48,0.01,0,-1,-1,-1,-1,-1,-1,4572
641,-1,-1,-1,0.39,0.06,0.36,0.19,0,0.03,0.23,0.74,2,-1,-1,-1,-1,-1,-1,660
642,-1,-1,-1,0.36,0.46,0.10,0.08,1,0.57,0.35,0.08,0,-1,-1,-1,-1,-1,-1,2636
643,-1,-1,-1,0.18,0.37,0.30,0.15,1,0.28,0.20,0.52,2,-1,-1,-1,-1,-1,-1,1720
644,-1,-1,-1,0.05,0.42,0.47,0.06,2,0.34,0.35,0.31,1,-1,-1,-1,-1,-1,-1,3251
645,-1,-1,-1,0.26,0.25,0.21,0.27,3,0.22,0.37,0.42,2,-1,-1,-1,-1,-1,-1,1263
646,-1,-1,-1,0.45,0.06,0.15,0.34,0,0.54,0.36,0.10,0,-1,-1,-1,-1,-1,-1,3448
647,-1,-1,-1,0.10,0.23,0.36,0.32,2,0.46,0.20,0.33,0,-1,-1,-1,-1,-1,-1,3221
648,-1,-1,-1,0.30,0.04,0.33,0.33,3,0.21,0.19,0.60,2,-1,-1,-1,-1,-1,-1,2477
649,-1,-1,-1,0.28,0.23,0.32,0.17,2,0.56,0.33,0.11,0,-1,-1,-1,-1,-1,-1,4184
650,-1,-1,-1,0.29,0.27,0.19,0.26,0,0.17,0.25,0.58,2,-1,-1,-1,-1,-1,-1,2758
651,-1,-1,-1,0.22,0.14,0.28,0.37,3,0.66,0.29,0.05,0,-1,-1,-1,-1,-1,-1,2216
652,-1,-1,-1,0.16,0.23,0.12,0.49,3,0.57,0.32,0.11,0,-1,-1,-1,-1,-1,-1,1333
653,-1,-1,-1,0.30,0.21,0.20,0.29,0,0.19,0.77,0.03,1,-1,-1,-1,-1,-1,-1,2659
654,-1,-1,-1,0.17,0.29,0.24,0.31,3,0.34,0.36,0.30,1,-1,-1,-1,-1,-1,-1,629
655,-1,-1,-1,0.33,0.27,0.00,0.40,3,0.23,0.40,0.38,1,-1,-1,-1,-1,-1,-1,4687
656,-1,-1,-1,0.49,0.18,0.02,0.31,0,0.34,0.44,0.22,1,-1,-1,-1,-1,-1,-1,3671
657,-1,-1,-1,0.20,0.32,0.27,0.21,1,0.58,0.15,0.26,0,-1,-1,-1,-1,-1,-1,2570
658,-1,-1,-1,0.26,0.12,0.11,0.52,3,0.47,0.17,0.35,0,-1,-1,-1,-1,-1,-1,3804
659,-1,-1,-1,0.23,0.29,0.13,0.35,3,0.39,0.32,0.29,0,-1,-1,-1,-1,-1,-1,3746
660,-1,-1,-1,0.63,0.18,0.00,0.19,0,0.36,0.35,0.29,0,-1,-1,-1,-1,-1,-1,738
661,-1,-1,-1,0.07,0.34,0.43,0.17,2,0.12,0.48,0.40,1,-1,-1,-1,-1,-1,-1,2351
662,-1,-1,-1,0.50,0.35,0.04,0.11,0,0.59,0.37,0.05,0,-1,-1,-1,-1,-1,-1,4051
663,-1,-1,-1,0.27,0.22,0.09,0.42,3,0.02,0.70,0.29,1,-1,-1,-1,-1,-1,-1,1305
664,-1,-1,-1,0.15,0.08,0.72,0.05,2,0.03,0.71,0.27,1,-1,-1,-1,-1,-1,-1,3070
665,-1,-1,-1,0.05,0.66,0.09,0.20,1,0.04,0.58,0.38,1,-1,-1,-1,-1,-1,-1,4983
666,-1,-1,-1,0.42,0.10,0.21,0.27,0,0.20,0.43,0.37,1,-1,-1,-1,-1,-1,-1,3725
667,-1,-1,-1,0.26,0.20,0.26,0.28,3,0.43,0.40,0.17,0,-1,-1,-1,-1,-1,-1,2160
668,-1,-1,-1,0.31,0.22,0.24,0.22,0,0.12,0.32,0.56,2,-1,-1,-1,-1,-1,-1,4334
669,-1,-1,-1,0.07,0.63,0.19,0.10,1,0.21,0.40,0.39,1,-1,-1,-1,-1,-1,-1,3670
670,-1,-1,-1,0.13,0.04,0.34,0.49,3,0.42,0.13,0.45,2,-1,-1,-1,-1,-1,-1,53
671,-1,-1,-1,0.25,0.16,0.25,0.34,3,0.05,0.44,0.51,2,-1,-1,-1,-1,-1,-1,3245
672,-1,-1,-1,0.37,0.24,0.39,0.00,2,0.60,0.26,0.14,0,-1,-1,-1,-1,-1,-1,780
673,-1,-1,-1,0.16,0.08,0.35,0.41,3,0.19,0.62,0.20,1,-1,-1,-1,-1,-1,-1,2639
674,-1,-1,-1,0.19,0.31,0.47,0.02,2,0.23,0.21,0.57,2,-1,-1,-1,-1,-1,-1,4265
675,-1,-1,-1,0.34,0.43,0.07,0.16,1,0.42,0.32,0.26,0,-1,-1,-1,-1,-1,-1,2070
676,-1,-1,-1,0.19,0.24,0.29,0.27,2,0.86,0.13,0.01,0,-1,-1,-1,-1,-1,-1,333
677,-1,-1,-1,0.24,0.34,0.27,0.14,1,0.64,0.30,0.05,0,-1,-1,-1,-1,-1,-1,730
678,-1,-1,-1,0.29,0.24,0.42,0.06,2,0.48,0.37,0.15,0,-1,-1,-1,-1,-1,-1,3190
679,-1,-1,-1,0.04,0.34,0.36,0.26,2,0.46,0.24,0.30,0,-1,-1,-1,-1,-1,-1,4684
680,-1,-1,-1,0.20,0.20,0.15,0.45,3,0.34,0.26,0.41,2,-1,-1,-1,-1,-1,-1,3362
681,-1,-1,-1,0.25,0.39,0.20,0.16,1,0.15,0.42,0.43,2,-1,-1,-1,-1,-1,-1,4290
682,-1,-1,-1,0.38,0.39,0.23,0.00,1,0.18,0.61,0.21,1,-1,-1,-1,-1,-1,-1,4558
683,-1,-1,-1,0.29,0.21,0.33,0.17,2,0.40,0.34,0.26,0,-1,-1,-1,-1,-1,-1,2669
