config_id,robot_initial_pose_x,robot_initial_pose_y,robot_initial_pose_z,robot_initial_pose_q1,robot_initial_pose_q2,robot_initial_pose_q3,robot_initial_pose_q4,initial_mass_measured_g,width_top_est_mm_vision,width_bottom_est_mm_vision,height_est_mm_vision,geometry_est_timepoint,mass_full_est_g_vision,mass_full_est_vision_timepoint,fill_level_est_percent_vision,fill_level_vision_timepoint,spill_observed_during_human_maneuvering,robot_mass_est_available,robot_mass_est_g,robot_mass_est_timepoint,delivery_location_est_x_mm,delivery_location_est_y_mm,delivery_location_est_z_mm,final_mass_null_flag,final_mass_measured_g,t_human_first_contact_ms,t_human_last_contact_ms,t_robot_first_contact_ms,t_robot_last_contact_ms
1,0,10,100,1,0,0,0,2,72,43,82,frame:10,2,frame:10,0.00001,frame:10,0,1,2,frame:115,500,300,0,0,2,800,2769,2348,4125
2,0,10,100,1,0,0,0,2,72,43,82,frame:10,2,frame:10,99.9999,frame:10,0,1,2,frame:115,500,300,0,0,2,800,2769,2348,4125
3,0,10,100,1,0,0,0,2,72,43,82,frame:10,2,frame:10,100,frame:10,0,1,2,frame:115,500,300,0,0,2,800,2769,2348,4125
4,-1000,10,100,1,0,0,0,2,72,43,82,frame:10,2,frame:10,0,frame:10,0,1,2,frame:115,500,300,0,0,2,800,2769,2348,4125
5,0,1000,100,1,0,0,0,2,72,43,82,frame:10,2,frame:10,0,frame:10,0,1,2,frame:115,500,300,0,0,2,800,2769,2348,4125
6,0,10,0,1,0,0,0,2,72,43,82,frame:10,2,frame:10,0,frame:10,0,1,2,frame:115,500,300,0,0,2,800,2769,2348,4125
7,0,10,2000,1,0,0,0,2,72,43,82,frame:10,2,frame:10,0,frame:10,0,1,2,frame:115,500,300,0,0,2,800,2769,2348,4125
8,0,10,100,1,0,0,0,2,72,43,82,frame:10,2,frame:10,0,frame:10,0,1,2,frame:115,500,300,0,0,2,0,2769,2348,4125
9,0,10,100,1,0,0,0,2,72,43,82,frame:10,2,frame:10,0,frame:10,0,1,2,frame:115,500,300,0,0,2,999999999,2769,2348,4125
10,0,10,100,1,0,0,0,103.25,72,43,82,frame:10,0.0001,frame:10,90,frame:10,0,1,103.25,frame:115,500,300,0,0,103.25,800,2769,2348,4125
11,0,10,100,1,0,0,0,103.25,72,43,82,frame:10,100000,frame:10,90,frame:10,0,1,103.25,frame:115,500,300,0,0,103.25,800,2769,2348,4125
12,0,10,100,0.99,0,0,0,103.25,72,43,82,frame:10,103.25,frame:10,90,frame:10,0,1,103.25,frame:115,500,300,0,0,103.25,800,2769,2348,4125
13,0,10,100,1.01,0,0,0,103.25,72,43,82,frame:10,103.25,frame:10,90,frame:10,0,1,103.25,frame:115,500,300,0,0,103.25,800,2769,2348,4125
14,0,10,100,1.001,0,0,0,103.25,72,43,82,frame:10,103.25,frame:10,90,frame:10,0,1,103.25,frame:115,500,300,0,0,103.25,800,2769,2348,4125
15,0,10,100,0.999,0,0,0,103.25,72,43,82,frame:10,103.25,frame:10,90,frame:10,0,1,103.25,frame:115,500,300,0,0,103.25,800,2769,2348,4125
16,0,10,100,"""q1='one'""",0,0,0,103.25,72,43,82,frame:10,103.25,frame:10,90,frame:10,0,1,103.25,frame:115,500,300,0,0,103.25,800,2769,2348,4125
17,0,10,100,"""q1='1.5e10'""",0,0,0,103.25,72,43,82,frame:10,103.25,frame:10,90,frame:10,0,1,103.25,frame:115,500,300,0,0,103.25,800,2769,2348,4125
18,not_a_number,10,100,1,0,0,0,103.25,72,43,82,frame:10,103.25,frame:10,90,frame:10,0,1,103.25,frame:115,500,300,0,0,103.25,800,2769,2348,4125
19,Infinity,10,100,1,0,0,0,10,97,61,121,frame:10,10,frame:10,0,frame:10,0,1,10,frame:115,500,300,0,0,10,800,2769,2348,4125
20,NaN,10,100,1,0,0,0,10,97,61,121,frame:10,10,frame:10,0,frame:10,0,1,10,frame:115,500,300,0,0,10,800,2769,2348,4125
21,0,10,100,1,0,0,0,10,97,61,121,frame:10,10,frame:10,0,frame:10,0,1,10,frame:115,500,300,0,0,10,800,2769,"""abc123""",4125
22,0,10,100,1,0,0,0,10,97,61,121,frame:10,10,frame:10,0,frame:10,0,1,10,frame:115,500,300,0,0,10,800,2769,"""12.5.3""",4125
23,0,10,100,1,0,0,0,10,97,61,121,frame:10,10,frame:10,0,frame:10,2,1,10,frame:115,500,300,0,0,10,800,2769,2348,4125
24,0,10,100,1,0,0,0,10,97,61,121,frame:10,10,frame:10,0,frame:10,-1,1,10,frame:115,500,300,0,0,10,800,2769,2348,4125
25,0,10,100,1,0,0,0,10,97,61,121,frame:10,10,frame:10,0,frame:10,0.5,1,10,frame:115,500,300,0,0,10,800,2769,2348,4125
26,0,10,100,1,0,0,0,10,97,61,121,frame:10,10,frame:10,0,frame:10,"""true""",1,10,frame:115,500,300,0,0,10,800,2769,2348,4125
27,0,10,-100,1,0,0,0,10,97,61,121,frame:10,10,frame:10,0,frame:10,0,1,10,frame:115,500,300,0,0,10,800,2769,2348,4125
28,0,10,100,1,0,0,0,334,97,61,121,frame:10,334,frame:10,90,frame:10,0,1,-1,frame:115,500,300,0,0,334,800,2769,2348,4125
29,0,10,100,1,0,0,0,334,97,61,121,frame:10,334,frame:10,90,frame:10,0,0,50.5,frame:115,500,300,0,1,25,800,2769,2348,4125
30,0,10,100,1,0,0,0,334,97,61,121,frame:10,334,frame:10,90,frame:10,0,1,334,frame:115,500,300,0,0,-1,800,2769,2348,4125
31,0,10,100,1,0,0,0,334,97,61,121,frame:10,334,frame:10,90,frame:10,0,1,334,frame:115,500,300,0,0,334,1000,500,2348,4125
32,0,10,100,1,0,0,0,334,97,61,121,frame:10,334,frame:10,90,frame:10,0,1,334,frame:115,500,300,0,0,334,800,2769,4125,2348
33,0,10,100,1,0,0,0,334,97,61,121,frame:10,334,frame:10,90,frame:10,0,1,334,frame:115,500,300,0,0,334,100,100,2348,4125
34,0,10,100,1,0,0,0,334,97,61,121,frame:10,334,frame:10,90,frame:10,0,1,334,frame:115,500,300,0,0,334,800,2769,100,100
35,0,10,100,1,0,0,0,334,97,61,121,frame:10,334,frame:10,90,frame:10,0,1,334,frame:115,500,300,0,0,334,200,500,600,4125
36,0,10,100,1,0,0,0,334,97,61,121,frame:10,334,frame:10,90,frame:10,0,1,334,frame115,500,300,0,0,334,800,2769,2348,4125
37,0,10,100,1,0,0,0,9,99,65,136,frame:10,9,frame:10,0,frame:10,0,1,9,frame:abc,500,300,0,0,9,800,2769,2348,4125
38,0,10,100,1,0,0,0,9,99,65,136,frame:10,9,frame:10,0,frame:10,0,1,9,frame:115,500,300,0,0,9,800,2769,2348,4125
39,0,10,100,1,0,0,0,9,99,65,136,frame:10,9,frame:10,0,frame:10,0,1,9,range_frame:5-2,500,300,0,0,9,800,2769,2348,4125
40,0,10,100,1,0,0,0,9,99,65,136,frame:10,9,frame:10,0,frame:10,0,1,9,frame:115,500,300,0,0,9,800,2769,2348,4125
41,0,10,100,1,0,0,0,9,99,65,136,frame:10,9,frame:10,0,frame:10,0,1,9,frame:115,500,300,0,0,9,800,2769,2348,4125
42,0,10,100,1,0,0,0,9,99,65,136,frame:10,9,frame:10,0,frame:10,0,1,9,frame:115,500,300,0,0,9,800,2769,2348,4125
43,0,10,100,1,0,0,0,9,99,65,136,frame:10,9,frame:10,0,frame:10,0,1,9,frame:115,500,300,0,0,9,800,2769,2348,4125
44,0,10,100,1,0,0,0,9,99,65,136,frame:10,9,frame:10,0,frame:10,0,1,9,frame:115,500,300,0,0,9,800,2769,2348,4125
45,0,10,100,1,0,0,0,9,99,65,136,frame:10,9,frame:10,0,frame:10,0,1,9,frame:115,500,300,0,0,9,800,2769,2348,4125
46,0,10,100,1,0,0,0,373.5,99,65,136,frame:10,373.5,frame:10,90,frame:10,0,1,373.5,frame:115,500,300,0,0,373.5,800,2769,2348,4125
47,0,10,100,1,0,0,0,373.5,99,65,136,frame:10,373.5,frame:10,90,frame:10,0,1,373.5,frame:115,500,300,0,0,373.5,800,2769,2348,4125
48,0,10,100,1,0,0,0,373.5,99,65,136,frame:10,373.5,frame:10,90,frame:10,0,1,373.5,frame:115,500,300,0,0,373.5,800,2769,2348,4125
49,0,10,100,1,0,0,0,373.5,99,65,136,frame:10,373.5,frame:10,90,frame:10,0,1,373.5,frame:115,500,300,0,0,373.5,800,2769,2348,4125
50,0,10,100,1,0,0,0,373.5,99,65,136,frame:10,373.5,frame:10,90,frame:10,0,1,373.5,frame:115,500,300,0,0,373.5,800,2769,2348,4125
51,0,10,100,1,0,0,0,373.5,99,65,136,frame:10,373.5,frame:10,90,frame:10,0,1,373.5,frame:115,500,300,0,0,373.5,800,2769,2348,4125
52,0,10,100,1,0,0,0,373.5,99,65,136,frame:10,373.5,frame:10,90,frame:10,0,1,373.5,frame:115,500,300,0,0,373.5,800,2769,2348,4125
53,0,10,100,1,0,0,0,373.5,99,65,136,frame:10,373.5,frame:10,90,frame:10,0,1,373.5,frame:115,500,300,0,0,373.5,800,2769,2348,4125
54,0,10,100,1,0,0,0,373.5,99,65,136,frame:10,373.5,frame:10,90,frame:10,0,1,373.5,frame:115,500,300,0,0,373.5,800,2769,2348,4125
55,0,10,100,1,0,0,0,134,80,65,135,frame:10,134,frame:10,0,frame:10,0,1,134,frame:115,500,300,0,0,134,800,2769,2348,4125
56,0,10,100,1,0,0,0,134,80,65,135,frame:10,134,frame:10,0,frame:10,0,1,134,frame:115,500,300,0,0,134,800,2769,2348,4125
57,0,10,100,1,0,0,0,134,80,65,135,frame:10,134,frame:10,0,frame:10,0,1,134,frame:115,500,300,0,0,134,800,2769,2348,4125
58,0,10,100,1,0,0,0,134,80,65,135,frame:10,134,frame:10,0,frame:10,0,1,134,frame:115,500,300,0,0,134,800,2769,2348,4125
59,0,10,100,1,0,0,0,134,80,65,135,frame:10,134,frame:10,0,frame:10,0,1,134,frame:115,500,300,0,0,134,800,2769,2348,4125
60,0,10,100,1,0,0,0,134,80,65,135,frame:10,134,frame:10,0,frame:10,0,1,134,frame:115,500,300,0,0,134,800,2769,2348,4125
61,0,10,100,1,0,0,0,134,80,65,135,frame:10,134,frame:10,0,frame:10,0,1,134,frame:115,500,300,0,0,134,800,2769,2348,4125
62,0,10,100,1,0,0,0,134,80,65,135,frame:10,134,frame:10,0,frame:10,0,1,134,frame:115,500,300,0,0,134,800,2769,2348,4125
63,0,10,100,1,0,0,0,134,80,65,135,frame:10,134,frame:10,0,frame:10,0,1,134,frame:115,500,300,0,0,134,800,2769,2348,4125
64,0,10,100,1,0,0,0,377,80,65,135,frame:10,377,frame:10,90,frame:10,0,1,377,frame:115,500,300,0,0,377,800,2769,2348,4125
65,0,10,100,1,0,0,0,377,80,65,135,frame:10,377,frame:10,90,frame:10,0,1,377,frame:115,500,300,0,0,377,800,2769,2348,4125
66,0,10,100,1,0,0,0,377,80,65,135,frame:10,377,frame:10,90,frame:10,0,1,377,frame:115,500,300,0,0,377,800,2769,2348,4125
67,0,10,100,1,0,0,0,377,80,65,135,frame:10,377,frame:10,90,frame:10,0,1,377,frame:115,500,300,0,0,377,800,2769,2348,4125
68,0,10,100,1,0,0,0,377,80,65,135,frame:10,377,frame:10,90,frame:10,0,1,377,frame:115,500,300,0,0,377,800,2769,2348,4125
69,0,10,100,1,0,0,0,377,80,65,135,frame:10,377,frame:10,90,frame:10,0,1,377,frame:115,500,300,0,0,377,800,2769,2348,4125
70,0,10,100,1,0,0,0,377,80,65,135,frame:10,377,frame:10,90,frame:10,0,1,377,frame:115,500,300,0,0,377,800,2769,2348,4125
71,0,10,100,1,0,0,0,377,80,65,135,frame:10,377,frame:10,90,frame:10,0,1,377,frame:115,500,300,0,0,377,800,2769,2348,4125
72,0,10,100,1,0,0,0,377,80,65,135,frame:10,377,frame:10,90,frame:10,0,1,377,frame:115,500,300,0,0,377,800,2769,2348,4125
73,0,10,100,1,0,0,0,2,72,43,82,frame:10,2,frame:10,0,frame:10,0,1,2,frame:115,500,300,0,0,2,800,2769,2348,4125
74,0,10,100,1,0,0,0,2,72,43,82,frame:10,2,frame:10,0,frame:10,0,1,2,frame:115,500,300,0,0,2,800,2769,2348,4125
75,0,10,100,1,0,0,0,2,72,43,82,frame:10,2,frame:10,0,frame:10,0,1,2,frame:115,500,300,0,0,2,800,2769,2348,4125
76,0,10,100,1,0,0,0,2,72,43,82,frame:10,2,frame:10,0,frame:10,0,1,2,frame:115,500,300,0,0,2,800,2769,2348,4125
77,0,10,100,1,0,0,0,2,72,43,82,frame:10,2,frame:10,0,frame:10,0,1,2,frame:115,500,300,0,0,2,800,2769,2348,4125
78,0,10,100,1,0,0,0,2,72,43,82,frame:10,2,frame:10,0,frame:10,0,1,2,frame:115,500,300,0,0,2,800,2769,2348,4125
79,0,10,100,1,0,0,0,2,72,43,82,frame:10,2,frame:10,0,frame:10,0,1,2,frame:115,500,300,0,0,2,800,2769,2348,4125
80,0,10,100,1,0,0,0,2,72,43,82,frame:10,2,frame:10,0,frame:10,0,1,2,frame:115,500,300,0,0,2,800,2769,2348,4125
81,0,10,100,1,0,0,0,2,72,43,82,frame:10,2,frame:10,0,frame:10,0,1,2,frame:115,500,300,0,0,2,800,2769,2348,4125
82,0,10,100,1,0,0,0,103.25,72,43,82,frame:10,103.25,frame:10,90,frame:10,0,1,103.25,frame:115,500,300,0,0,103.25,800,2769,2348,4125
83,0,10,100,1,0,0,0,103.25,72,43,82,frame:10,103.25,frame:10,90,frame:10,0,1,103.25,frame:115,500,300,0,0,103.25,800,2769,2348,4125
84,0,10,100,1,0,0,0,103.25,72,43,82,frame:10,103.25,frame:10,90,frame:10,0,1,103.25,frame:115,500,300,0,0,103.25,800,2769,2348,4125
85,0,10,100,1,0,0,0,103.25,72,43,82,frame:10,103.25,frame:10,90,frame:10,0,1,103.25,frame:115,500,300,0,0,103.25,800,2769,2348,4125
86,0,10,100,1,0,0,0,103.25,72,43,82,frame:10,103.25,frame:10,90,frame:10,0,1,103.25,frame:115,500,300,0,0,103.25,800,2769,2348,4125
87,0,10,100,1,0,0,0,103.25,72,43,82,frame:10,103.25,frame:10,90,frame:10,0,1,103.25,frame:115,500,300,0,0,103.25,800,2769,2348,4125
88,0,10,100,1,0,0,0,103.25,72,43,82,frame:10,103.25,frame:10,90,frame:10,0,1,103.25,frame:115,500,300,0,0,103.25,800,2769,2348,4125
89,0,10,100,1,0,0,0,103.25,72,43,82,frame:10,103.25,frame:10,90,frame:10,0,1,103.25,frame:115,500,300,0,0,103.25,800,2769,2348,4125
90,0,10,100,1,0,0,0,103.25,72,43,82,frame:10,103.25,frame:10,90,frame:10,0,1,103.25,frame:115,500,300,0,0,103.25,800,2769,2348,4125
91,0,10,100,1,0,0,0,10,97,61,121,frame:10,10,frame:10,0,frame:10,0,1,10,frame:115,500,300,0,0,10,800,2769,2348,4125
92,0,10,100,1,0,0,0,10,97,61,121,frame:10,10,frame:10,0,frame:10,0,1,10,frame:115,500,300,0,0,10,800,2769,2348,4125
93,0,10,100,1,0,0,0,10,97,61,121,frame:10,10,frame:10,0,frame:10,0,1,10,frame:115,500,300,0,0,10,800,2769,2348,4125
94,0,10,100,1,0,0,0,10,97,61,121,frame:10,10,frame:10,0,frame:10,0,1,10,frame:115,500,300,0,0,10,800,2769,2348,4125
95,0,10,100,1,0,0,0,10,97,61,121,frame:10,10,frame:10,0,frame:10,0,1,10,frame:115,500,300,0,0,10,800,2769,2348,4125
96,0,10,100,1,0,0,0,10,97,61,121,frame:10,10,frame:10,0,frame:10,0,1,10,frame:115,500,300,0,0,10,800,2769,2348,4125
97,0,10,100,1,0,0,0,10,97,61,121,frame:10,10,frame:10,0,frame:10,0,1,10,frame:115,500,300,0,0,10,800,2769,2348,4125
98,0,10,100,1,0,0,0,10,97,61,121,frame:10,10,frame:10,0,frame:10,0,1,10,frame:115,500,300,0,0,10,800,2769,2348,4125
99,0,10,100,1,0,0,0,10,97,61,121,frame:10,10,frame:10,0,frame:10,0,1,10,frame:115,500,300,0,0,10,800,2769,2348,4125
100,0,10,100,1,0,0,0,334,97,61,121,frame:10,334,frame:10,90,frame:10,0,1,334,frame:115,500,300,0,0,334,800,2769,2348,4125
101,0,10,100,1,0,0,0,334,97,61,121,frame:10,334,frame:10,90,frame:10,0,1,334,frame:115,500,300,0,0,334,800,2769,2348,4125
102,0,10,100,1,0,0,0,334,97,61,121,frame:10,334,frame:10,90,frame:10,0,1,334,frame:115,500,300,0,0,334,800,2769,2348,4125
103,0,10,100,1,0,0,0,334,97,61,121,frame:10,334,frame:10,90,frame:10,0,1,334,frame:115,500,300,0,0,334,800,2769,2348,4125
104,0,10,100,1,0,0,0,334,97,61,121,frame:10,334,frame:10,90,frame:10,0,1,334,frame:115,500,300,0,0,334,800,2769,2348,4125
105,0,10,100,1,0,0,0,334,97,61,121,frame:10,334,frame:10,90,frame:10,0,1,334,frame:115,500,300,0,0,334,800,2769,2348,4125
106,0,10,100,1,0,0,0,334,97,61,121,frame:10,334,frame:10,90,frame:10,0,1,334,frame:115,500,300,0,0,334,800,2769,2348,4125
107,0,10,100,1,0,0,0,334,97,61,121,frame:10,334,frame:10,90,frame:10,0,1,334,frame:115,500,300,0,0,334,800,2769,2348,4125
108,0,10,100,1,0,0,0,334,97,61,121,frame:10,334,frame:10,90,frame:10,0,1,334,frame:115,500,300,0,0,334,800,2769,2348,4125
109,0,10,100,1,0,0,0,9,99,65,136,frame:10,9,frame:10,0,frame:10,0,1,9,frame:115,500,300,0,0,9,800,2769,2348,4125
110,0,10,100,1,0,0,0,9,99,65,136,frame:10,9,frame:10,0,frame:10,0,1,9,frame:115,500,300,0,0,9,800,2769,2348,4125
111,0,10,100,1,0,0,0,9,99,65,136,frame:10,9,frame:10,0,frame:10,0,1,9,frame:115,500,300,0,0,9,800,2769,2348,4125
112,0,10,100,1,0,0,0,9,99,65,136,frame:10,9,frame:10,0,frame:10,0,1,9,frame:115,500,300,0,0,9,800,2769,2348,4125
113,0,10,100,1,0,0,0,9,99,65,136,frame:10,9,frame:10,0,frame:10,0,1,9,frame:115,500,300,0,0,9,800,2769,2348,4125
114,0,10,100,1,0,0,0,9,99,65,136,frame:10,9,frame:10,0,frame:10,0,1,9,frame:115,500,300,0,0,9,800,2769,2348,4125
115,0,10,100,1,0,0,0,9,99,65,136,frame:10,9,frame:10,0,frame:10,0,1,9,frame:115,500,300,0,0,9,800,2769,2348,4125
116,0,10,100,1,0,0,0,9,99,65,136,frame:10,9,frame:10,0,frame:10,0,1,9,frame:115,500,300,0,0,9,800,2769,2348,4125
117,0,10,100,1,0,0,0,9,99,65,136,frame:10,9,frame:10,0,frame:10,0,1,9,frame:115,500,300,0,0,9,800,2769,2348,4125
118,0,10,100,1,0,0,0,373.5,99,65,136,frame:10,373.5,frame:10,90,frame:10,0,1,373.5,frame:115,500,300,0,0,373.5,800,2769,2348,4125
119,0,10,100,1,0,0,0,373.5,99,65,136,frame:10,373.5,frame:10,90,frame:10,0,1,373.5,frame:115,500,300,0,0,373.5,800,2769,2348,4125
120,0,10,100,1,0,0,0,373.5,99,65,136,frame:10,373.5,frame:10,90,frame:10,0,1,373.5,frame:115,500,300,0,0,373.5,800,2769,2348,4125
121,0,10,100,1,0,0,0,373.5,99,65,136,frame:10,373.5,frame:10,90,frame:10,0,1,373.5,frame:115,500,300,0,0,373.5,800,2769,2348,4125
122,0,10,100,1,0,0,0,373.5,99,65,136,frame:10,373.5,frame:10,90,frame:10,0,1,373.5,frame:115,500,300,0,0,373.5,800,2769,2348,4125
123,0,10,100,1,0,0,0,373.5,99,65,136,frame:10,373.5,frame:10,90,frame:10,0,1,373.5,frame:115,500,300,0,0,373.5,800,2769,2348,4125
124,0,10,100,1,0,0,0,373.5,99,65,136,frame:10,373.5,frame:10,90,frame:10,0,1,373.5,frame:115,500,300,0,0,373.5,800,2769,2348,4125
125,0,10,100,1,0,0,0,373.5,99,65,136,frame:10,373.5,frame:10,90,frame:10,0,1,373.5,frame:115,500,300,0,0,373.5,800,2769,2348,4125
126,0,10,100,1,0,0,0,373.5,99,65,136,frame:10,373.5,frame:10,90,frame:10,0,1,373.5,frame:115,500,300,0,0,373.5,800,2769,2348,4125
127,0,10,100,1,0,0,0,134,80,65,135,frame:10,134,frame:10,0,frame:10,0,1,134,frame:115,500,300,0,0,134,800,2769,2348,4125
128,0,10,100,1,0,0,0,134,80,65,135,frame:10,134,frame:10,0,frame:10,0,1,134,frame:115,500,300,0,0,134,800,2769,2348,4125
129,0,10,100,1,0,0,0,134,80,65,135,frame:10,134,frame:10,0,frame:10,0,1,134,frame:115,500,300,0,0,134,800,2769,2348,4125
130,0,10,100,1,0,0,0,134,80,65,135,frame:10,134,frame:10,0,frame:10,0,1,134,frame:115,500,300,0,0,134,800,2769,2348,4125
131,0,10,100,1,0,0,0,134,80,65,135,frame:10,134,frame:10,0,frame:10,0,1,134,frame:115,500,300,0,0,134,800,2769,2348,4125
132,0,10,100,1,0,0,0,134,80,65,135,frame:10,134,frame:10,0,frame:10,0,1,134,frame:115,500,300,0,0,134,800,2769,2348,4125
133,0,10,100,1,0,0,0,134,80,65,135,frame:10,134,frame:10,0,frame:10,0,1,134,frame:115,500,300,0,0,134,800,2769,2348,4125
134,0,10,100,1,0,0,0,134,80,65,135,frame:10,134,frame:10,0,frame:10,0,1,134,frame:115,500,300,0,0,134,800,2769,2348,4125
135,0,10,100,1,0,0,0,134,80,65,135,frame:10,134,frame:10,0,frame:10,0,1,134,frame:115,500,300,0,0,134,800,2769,2348,4125
136,0,10,100,1,0,0,0,377,80,65,135,frame:10,377,frame:10,90,frame:10,0,1,377,frame:115,500,300,0,0,377,800,2769,2348,4125
137,0,10,100,1,0,0,0,377,80,65,135,frame:10,377,frame:10,90,frame:10,0,1,377,frame:115,500,300,0,0,377,800,2769,2348,4125
138,0,10,100,1,0,0,0,377,80,65,135,frame:10,377,frame:10,90,frame:10,0,1,377,frame:115,500,300,0,0,377,800,2769,2348,4125
139,0,10,100,1,0,0,0,377,80,65,135,frame:10,377,frame:10,90,frame:10,0,1,377,frame:115,500,300,0,0,377,800,2769,2348,4125
140,0,10,100,1,0,0,0,377,80,65,135,frame:10,377,frame:10,90,frame:10,0,1,377,frame:115,500,300,0,0,377,800,2769,2348,4125
141,0,10,100,1,0,0,0,377,80,65,135,frame:10,377,frame:10,90,frame:10,0,1,377,frame:115,500,300,0,0,377,800,2769,2348,4125
142,0,10,100,1,0,0,0,377,80,65,135,frame:10,377,frame:10,90,frame:10,0,1,377,frame:115,500,300,0,0,377,800,2769,2348,4125
143,0,10,100,1,0,0,0,377,80,65,135,frame:10,377,frame:10,90,frame:10,0,1,377,frame:115,500,300,0,0,377,800,2769,2348,4125
144,0,10,100,1,0,0,0,377,80,65,135,frame:10,377,frame:10,90,frame:10,0,1,377,frame:115,500,300,0,0,377,800,2769,2348,4125
145,0,10,100,1,0,0,0,2,72,43,82,frame:10,2,frame:10,0,frame:10,0,1,2,frame:115,500,300,0,0,2,800,2769,2348,4125
146,0,10,100,1,0,0,0,2,72,43,82,frame:10,2,frame:10,0,frame:10,0,1,2,frame:115,500,300,0,0,2,800,2769,2348,4125
147,0,10,100,1,0,0,0,2,72,43,82,frame:10,2,frame:10,0,frame:10,0,1,2,frame:115,500,300,0,0,2,800,2769,2348,4125
148,0,10,100,1,0,0,0,2,72,43,82,frame:10,2,frame:10,0,frame:10,0,1,2,frame:115,500,300,0,0,2,800,2769,2348,4125
149,0,10,100,1,0,0,0,2,72,43,82,frame:10,2,frame:10,0,frame:10,0,1,2,frame:115,500,300,0,0,2,800,2769,2348,4125
150,0,10,100,1,0,0,0,2,72,43,82,frame:10,2,frame:10,0,frame:10,0,1,2,frame:115,500,300,0,0,2,800,2769,2348,4125
151,0,10,100,1,0,0,0,2,72,43,82,frame:10,2,frame:10,0,frame:10,0,1,2,frame:115,500,300,0,0,2,800,2769,2348,4125
152,0,10,100,1,0,0,0,2,72,43,82,frame:10,2,frame:10,0,frame:10,0,1,2,frame:115,500,300,0,0,2,800,2769,2348,4125
153,0,10,100,1,0,0,0,2,72,43,82,frame:10,2,frame:10,0,frame:10,0,1,2,frame:115,500,300,0,0,2,800,2769,2348,4125
154,0,10,100,1,0,0,0,103.25,72,43,82,frame:10,103.25,frame:10,90,frame:10,0,1,103.25,frame:115,500,300,0,0,103.25,800,2769,2348,4125
155,0,10,100,1,0,0,0,103.25,72,43,82,frame:10,103.25,frame:10,90,frame:10,0,1,103.25,frame:115,500,300,0,0,103.25,800,2769,2348,4125
156,0,10,100,1,0,0,0,103.25,72,43,82,frame:10,103.25,frame:10,90,frame:10,0,1,103.25,frame:115,500,300,0,0,103.25,800,2769,2348,4125
157,0,10,100,1,0,0,0,103.25,72,43,82,frame:10,103.25,frame:10,90,frame:10,0,1,103.25,frame:115,500,300,0,0,103.25,800,2769,2348,4125
158,0,10,100,1,0,0,0,103.25,72,43,82,frame:10,103.25,frame:10,90,frame:10,0,1,103.25,frame:115,500,300,0,0,103.25,800,2769,2348,4125
159,0,10,100,1,0,0,0,103.25,72,43,82,frame:10,103.25,frame:10,90,frame:10,0,1,103.25,frame:115,500,300,0,0,103.25,800,2769,2348,4125
160,0,10,100,1,0,0,0,103.25,72,43,82,frame:10,103.25,frame:10,90,frame:10,0,1,103.25,frame:115,500,300,0,0,103.25,800,2769,2348,4125
161,0,10,100,1,0,0,0,103.25,72,43,82,frame:10,103.25,frame:10,90,frame:10,0,1,103.25,frame:115,500,300,0,0,103.25,800,2769,2348,4125
162,0,10,100,1,0,0,0,103.25,72,43,82,frame:10,103.25,frame:10,90,frame:10,0,1,103.25,frame:115,500,300,0,0,103.25,800,2769,2348,4125
163,0,10,100,1,0,0,0,10,97,61,121,frame:10,10,frame:10,0,frame:10,0,1,10,frame:115,500,300,0,0,10,800,2769,2348,4125
164,0,10,100,1,0,0,0,10,97,61,121,frame:10,10,frame:10,0,frame:10,0,1,10,frame:115,500,300,0,0,10,800,2769,2348,4125
165,0,10,100,1,0,0,0,10,97,61,121,frame:10,10,frame:10,0,frame:10,0,1,10,frame:115,500,300,0,0,10,800,2769,2348,4125
166,0,10,100,1,0,0,0,10,97,61,121,frame:10,10,frame:10,0,frame:10,0,1,10,frame:115,500,300,0,0,10,800,2769,2348,4125
167,0,10,100,1,0,0,0,10,97,61,121,frame:10,10,frame:10,0,frame:10,0,1,10,frame:115,500,300,0,0,10,800,2769,2348,4125
168,0,10,100,1,0,0,0,10,97,61,121,frame:10,10,frame:10,0,frame:10,0,1,10,frame:115,500,300,0,0,10,800,2769,2348,4125
169,0,10,100,1,0,0,0,10,97,61,121,frame:10,10,frame:10,0,frame:10,0,1,10,frame:115,500,300,0,0,10,800,2769,2348,4125
170,0,10,100,1,0,0,0,10,97,61,121,frame:10,10,frame:10,0,frame:10,0,1,10,frame:115,500,300,0,0,10,800,2769,2348,4125
171,0,10,100,1,0,0,0,10,97,61,121,frame:10,10,frame:10,0,frame:10,0,1,10,frame:115,500,300,0,0,10,800,2769,2348,4125
172,0,10,100,1,0,0,0,334,97,61,121,frame:10,334,frame:10,90,frame:10,0,1,334,frame:115,500,300,0,0,334,800,2769,2348,4125
173,0,10,100,1,0,0,0,334,97,61,121,frame:10,334,frame:10,90,frame:10,0,1,334,frame:115,500,300,0,0,334,800,2769,2348,4125
174,0,10,100,1,0,0,0,334,97,61,121,frame:10,334,frame:10,90,frame:10,0,1,334,frame:115,500,300,0,0,334,800,2769,2348,4125
175,0,10,100,1,0,0,0,334,97,61,121,frame:10,334,frame:10,90,frame:10,0,1,334,frame:115,500,300,0,0,334,800,2769,2348,4125
176,0,10,100,1,0,0,0,334,97,61,121,frame:10,334,frame:10,90,frame:10,0,1,334,frame:115,500,300,0,0,334,800,2769,2348,4125
177,0,10,100,1,0,0,0,334,97,61,121,frame:10,334,frame:10,90,frame:10,0,1,334,frame:115,500,300,0,0,334,800,2769,2348,4125
178,0,10,100,1,0,0,0,334,97,61,121,frame:10,334,frame:10,90,frame:10,0,1,334,frame:115,500,300,0,0,334,800,2769,2348,4125
179,0,10,100,1,0,0,0,334,97,61,121,frame:10,334,frame:10,90,frame:10,0,1,334,frame:115,500,300,0,0,334,800,2769,2348,4125
180,0,10,100,1,0,0,0,334,97,61,121,frame:10,334,frame:10,90,frame:10,0,1,334,frame:115,500,300,0,0,334,800,2769,2348,4125
181,0,10,100,1,0,0,0,9,99,65,136,frame:10,9,frame:10,0,frame:10,0,1,9,frame:115,500,300,0,0,9,800,2769,2348,4125
182,0,10,100,1,0,0,0,9,99,65,136,frame:10,9,frame:10,0,frame:10,0,1,9,frame:115,500,300,0,0,9,800,2769,2348,4125
183,0,10,100,1,0,0,0,9,99,65,136,frame:10,9,frame:10,0,frame:10,0,1,9,frame:115,500,300,0,0,9,800,2769,2348,4125
184,0,10,100,1,0,0,0,9,99,65,136,frame:10,9,frame:10,0,frame:10,0,1,9,frame:115,500,300,0,0,9,800,2769,2348,4125
185,0,10,100,1,0,0,0,9,99,65,136,frame:10,9,frame:10,0,frame:10,0,1,9,frame:115,500,300,0,0,9,800,2769,2348,4125
186,0,10,100,1,0,0,0,9,99,65,136,frame:10,9,frame:10,0,frame:10,0,1,9,frame:115,500,300,0,0,9,800,2769,2348,4125
187,0,10,100,1,0,0,0,9,99,65,136,frame:10,9,frame:10,0,frame:10,0,1,9,frame:115,500,300,0,0,9,800,2769,2348,4125
188,0,10,100,1,0,0,0,9,99,65,136,frame:10,9,frame:10,0,frame:10,0,1,9,frame:115,500,300,0,0,9,800,2769,2348,4125
189,0,10,100,1,0,0,0,9,99,65,136,frame:10,9,frame:10,0,frame:10,0,1,9,frame:115,500,300,0,0,9,800,2769,2348,4125
190,0,10,100,1,0,0,0,373.5,99,65,136,frame:10,373.5,frame:10,90,frame:10,0,1,373.5,frame:115,500,300,0,0,373.5,800,2769,2348,4125
191,0,10,100,1,0,0,0,373.5,99,65,136,frame:10,373.5,frame:10,90,frame:10,0,1,373.5,frame:115,500,300,0,0,373.5,800,2769,2348,4125
192,0,10,100,1,0,0,0,373.5,99,65,136,frame:10,373.5,frame:10,90,frame:10,0,1,373.5,frame:115,500,300,0,0,373.5,800,2769,2348,4125
193,0,10,100,1,0,0,0,373.5,99,65,136,frame:10,373.5,frame:10,90,frame:10,0,1,373.5,frame:115,500,300,0,0,373.5,800,2769,2348,4125
194,0,10,100,1,0,0,0,373.5,99,65,136,frame:10,373.5,frame:10,90,frame:10,0,1,373.5,frame:115,500,300,0,0,373.5,800,2769,2348,4125
195,0,10,100,1,0,0,0,373.5,99,65,136,frame:10,373.5,frame:10,90,frame:10,0,1,373.5,frame:115,500,300,0,0,373.5,800,2769,2348,4125
196,0,10,100,1,0,0,0,373.5,99,65,136,frame:10,373.5,frame:10,90,frame:10,0,1,373.5,frame:115,500,300,0,0,373.5,800,2769,2348,4125
197,0,10,100,1,0,0,0,373.5,99,65,136,frame:10,373.5,frame:10,90,frame:10,0,1,373.5,frame:115,500,300,0,0,373.5,800,2769,2348,4125
198,0,10,100,1,0,0,0,373.5,99,65,136,frame:10,373.5,frame:10,90,frame:10,0,1,373.5,frame:115,500,300,0,0,373.5,800,2769,2348,4125
199,0,10,100,1,0,0,0,134,80,65,135,frame:10,134,frame:10,0,frame:10,0,1,134,frame:115,500,300,0,0,134,800,2769,2348,4125
200,0,10,100,1,0,0,0,134,80,65,135,frame:10,134,frame:10,0,frame:10,0,1,134,frame:115,500,300,0,0,134,800,2769,2348,4125
201,0,10,100,1,0,0,0,134,80,65,135,frame:10,134,frame:10,0,frame:10,0,1,134,frame:115,500,300,0,0,134,800,2769,2348,4125
202,0,10,100,1,0,0,0,134,80,65,135,frame:10,134,frame:10,0,frame:10,0,1,134,frame:115,500,300,0,0,134,800,2769,2348,4125
203,0,10,100,1,0,0,0,134,80,65,135,frame:10,134,frame:10,0,frame:10,0,1,134,frame:115,500,300,0,0,134,800,2769,2348,4125
204,0,10,100,1,0,0,0,134,80,65,135,frame:10,134,frame:10,0,frame:10,0,1,134,frame:115,500,300,0,0,134,800,2769,2348,4125
205,0,10,100,1,0,0,0,134,80,65,135,frame:10,134,frame:10,0,frame:10,0,1,134,frame:115,500,300,0,0,134,800,2769,2348,4125
206,0,10,100,1,0,0,0,134,80,65,135,frame:10,134,frame:10,0,frame:10,0,1,134,frame:115,500,300,0,0,134,800,2769,2348,4125
207,0,10,100,1,0,0,0,134,80,65,135,frame:10,134,frame:10,0,frame:10,0,1,134,frame:115,500,300,0,0,134,800,2769,2348,4125
208,0,10,100,1,0,0,0,377,80,65,135,frame:10,377,frame:10,90,frame:10,0,1,377,frame:115,500,300,0,0,377,800,2769,2348,4125
209,0,10,100,1,0,0,0,377,80,65,135,frame:10,377,frame:10,90,frame:10,0,1,377,frame:115,500,300,0,0,377,800,2769,2348,4125
210,0,10,100,1,0,0,0,377,80,65,135,frame:10,377,frame:10,90,frame:10,0,1,377,frame:115,500,300,0,0,377,800,2769,2348,4125
211,0,10,100,1,0,0,0,377,80,65,135,frame:10,377,frame:10,90,frame:10,0,1,377,frame:115,500,300,0,0,377,800,2769,2348,4125
212,0,10,100,1,0,0,0,377,80,65,135,frame:10,377,frame:10,90,frame:10,0,1,377,frame:115,500,300,0,0,377,800,2769,2348,4125
213,0,10,100,1,0,0,0,377,80,65,135,frame:10,377,frame:10,90,frame:10,0,1,377,frame:115,500,300,0,0,377,800,2769,2348,4125
214,0,10,100,1,0,0,0,377,80,65,135,frame:10,377,frame:10,90,frame:10,0,1,377,frame:115,500,300,0,0,377,800,2769,2348,4125
215,0,10,100,1,0,0,0,377,80,65,135,frame:10,377,frame:10,90,frame:10,0,1,377,frame:115,500,300,0,0,377,800,2769,2348,4125
216,0,10,100,1,0,0,0,377,80,65,135,frame:10,377,frame:10,90,frame:10,0,1,377,frame:115,500,300,0,0,377,800,2769,2348,4125
217,0,10,100,1,0,0,0,2,72,43,82,frame:10,2,frame:10,0,frame:10,0,1,2,frame:115,500,300,0,0,2,800,2769,2348,4125
218,0,10,100,1,0,0,0,2,72,43,82,frame:10,2,frame:10,0,frame:10,0,1,2,frame:115,500,300,0,0,2,800,2769,2348,4125
219,0,10,100,1,0,0,0,2,72,43,82,frame:10,2,frame:10,0,frame:10,0,1,2,frame:115,500,300,0,0,2,800,2769,2348,4125
220,0,10,100,1,0,0,0,2,72,43,82,frame:10,2,frame:10,0,frame:10,0,1,2,frame:115,500,300,0,0,2,800,2769,2348,4125
221,0,10,100,1,0,0,0,2,72,43,82,frame:10,2,frame:10,0,frame:10,0,1,2,frame:115,500,300,0,0,2,800,2769,2348,4125
222,0,10,100,1,0,0,0,2,72,43,82,frame:10,2,frame:10,0,frame:10,0,1,2,frame:115,500,300,0,0,2,800,2769,2348,4125
223,0,10,100,1,0,0,0,2,72,43,82,frame:10,2,frame:10,0,frame:10,0,1,2,frame:115,500,300,0,0,2,800,2769,2348,4125
224,0,10,100,1,0,0,0,2,72,43,82,frame:10,2,frame:10,0,frame:10,0,1,2,frame:115,500,300,0,0,2,800,2769,2348,4125
225,0,10,100,1,0,0,0,2,72,43,82,frame:10,2,frame:10,0,frame:10,0,1,2,frame:115,500,300,0,0,2,800,2769,2348,4125
226,0,10,100,1,0,0,0,103.25,72,43,82,frame:10,103.25,frame:10,90,frame:10,0,1,103.25,frame:115,500,300,0,0,103.25,800,2769,2348,4125
227,0,10,100,1,0,0,0,103.25,72,43,82,frame:10,103.25,frame:10,90,frame:10,0,1,103.25,frame:115,500,300,0,0,103.25,800,2769,2348,4125
228,0,10,100,1,0,0,0,103.25,72,43,82,frame:10,103.25,frame:10,90,frame:10,0,1,103.25,frame:115,500,300,0,0,103.25,800,2769,2348,4125
229,0,10,100,1,0,0,0,103.25,72,43,82,frame:10,103.25,frame:10,90,frame:10,0,1,103.25,frame:115,500,300,0,0,103.25,800,2769,2348,4125
230,0,10,100,1,0,0,0,103.25,72,43,82,frame:10,103.25,frame:10,90,frame:10,0,1,103.25,frame:115,500,300,0,0,103.25,800,2769,2348,4125
231,0,10,100,1,0,0,0,103.25,72,43,82,frame:10,103.25,frame:10,90,frame:10,0,1,103.25,frame:115,500,300,0,0,103.25,800,2769,2348,4125
232,0,10,100,1,0,0,0,103.25,72,43,82,frame:10,103.25,frame:10,90,frame:10,0,1,103.25,frame:115,500,300,0,0,103.25,800,2769,2348,4125
233,0,10,100,1,0,0,0,103.25,72,43,82,frame:10,103.25,frame:10,90,frame:10,0,1,103.25,frame:115,500,300,0,0,103.25,800,2769,2348,4125
234,0,10,100,1,0,0,0,103.25,72,43,82,frame:10,103.25,frame:10,90,frame:10,0,1,103.25,frame:115,500,300,0,0,103.25,800,2769,2348,4125
235,0,10,100,1,0,0,0,10,97,61,121,frame:10,10,frame:10,0,frame:10,0,1,10,frame:115,500,300,0,0,10,800,2769,2348,4125
236,0,10,100,1,0,0,0,10,97,61,121,frame:10,10,frame:10,0,frame:10,0,1,10,frame:115,500,300,0,0,10,800,2769,2348,4125
237,0,10,100,1,0,0,0,10,97,61,121,frame:10,10,frame:10,0,frame:10,0,1,10,frame:115,500,300,0,0,10,800,2769,2348,4125
238,0,10,100,1,0,0,0,10,97,61,121,frame:10,10,frame:10,0,frame:10,0,1,10,frame:115,500,300,0,0,10,800,2769,2348,4125
239,0,10,100,1,0,0,0,10,97,61,121,frame:10,10,frame:10,0,frame:10,0,1,10,frame:115,500,300,0,0,10,800,2769,2348,4125
240,0,10,100,1,0,0,0,10,97,61,121,frame:10,10,frame:10,0,frame:10,0,1,10,frame:115,500,300,0,0,10,800,2769,2348,4125
241,0,10,100,1,0,0,0,10,97,61,121,frame:10,10,frame:10,0,frame:10,0,1,10,frame:115,500,300,0,0,10,800,2769,2348,4125
242,0,10,100,1,0,0,0,10,97,61,121,frame:10,10,frame:10,0,frame:10,0,1,10,frame:115,500,300,0,0,10,800,2769,2348,4125
243,0,10,100,1,0,0,0,10,97,61,121,frame:10,10,frame:10,0,frame:10,0,1,10,frame:115,500,300,0,0,10,800,2769,2348,4125
244,0,10,100,1,0,0,0,334,97,61,121,frame:10,334,frame:10,90,frame:10,0,1,334,frame:115,500,300,0,0,334,800,2769,2348,4125
245,0,10,100,1,0,0,0,334,97,61,121,frame:10,334,frame:10,90,frame:10,0,1,334,frame:115,500,300,0,0,334,800,2769,2348,4125
246,0,10,100,1,0,0,0,334,97,61,121,frame:10,334,frame:10,90,frame:10,0,1,334,frame:115,500,300,0,0,334,800,2769,2348,4125
247,0,10,100,1,0,0,0,334,97,61,121,frame:10,334,frame:10,90,frame:10,0,1,334,frame:115,500,300,0,0,334,800,2769,2348,4125
248,0,10,100,1,0,0,0,334,97,61,121,frame:10,334,frame:10,90,frame:10,0,1,334,frame:115,500,300,0,0,334,800,2769,2348,4125
249,0,10,100,1,0,0,0,334,97,61,121,frame:10,334,frame:10,90,frame:10,0,1,334,frame:115,500,300,0,0,334,800,2769,2348,4125
250,0,10,100,1,0,0,0,334,97,61,121,frame:10,334,frame:10,90,frame:10,0,1,334,frame:115,500,300,0,0,334,800,2769,2348,4125
251,0,10,100,1,0,0,0,334,97,61,121,frame:10,334,frame:10,90,frame:10,0,1,334,frame:115,500,300,0,0,334,800,2769,2348,4125
252,0,10,100,1,0,0,0,334,97,61,121,frame:10,334,frame:10,90,frame:10,0,1,334,frame:115,500,300,0,0,334,800,2769,2348,4125
253,0,10,100,1,0,0,0,9,99,65,136,frame:10,9,frame:10,0,frame:10,0,1,9,frame:115,500,300,0,0,9,800,2769,2348,4125
254,0,10,100,1,0,0,0,9,99,65,136,frame:10,9,frame:10,0,frame:10,0,1,9,frame:115,500,300,0,0,9,800,2769,2348,4125
255,0,10,100,1,0,0,0,9,99,65,136,frame:10,9,frame:10,0,frame:10,0,1,9,frame:115,500,300,0,0,9,800,2769,2348,4125
256,0,10,100,1,0,0,0,9,99,65,136,frame:10,9,frame:10,0,frame:10,0,1,9,frame:115,500,300,0,0,9,800,2769,2348,4125
257,0,10,100,1,0,0,0,9,99,65,136,frame:10,9,frame:10,0,frame:10,0,1,9,frame:115,500,300,0,0,9,800,2769,2348,4125
258,0,10,100,1,0,0,0,9,99,65,136,frame:10,9,frame:10,0,frame:10,0,1,9,frame:115,500,300,0,0,9,800,2769,2348,4125
259,0,10,100,1,0,0,0,9,99,65,136,frame:10,9,frame:10,0,frame:10,0,1,9,frame:115,500,300,0,0,9,800,2769,2348,4125
260,0,10,100,1,0,0,0,9,99,65,136,frame:10,9,frame:10,0,frame:10,0,1,9,frame:115,500,300,0,0,9,800,2769,2348,4125
261,0,10,100,1,0,0,0,9,99,65,136,frame:10,9,frame:10,0,frame:10,0,1,9,frame:115,500,300,0,0,9,800,2769,2348,4125
262,0,10,100,1,0,0,0,373.5,99,65,136,frame:10,373.5,frame:10,90,frame:10,0,1,373.5,frame:115,500,300,0,0,373.5,800,2769,2348,4125
263,0,10,100,1,0,0,0,373.5,99,65,136,frame:10,373.5,frame:10,90,frame:10,0,1,373.5,frame:115,500,300,0,0,373.5,800,2769,2348,4125
264,0,10,100,1,0,0,0,373.5,99,65,136,frame:10,373.5,frame:10,90,frame:10,0,1,373.5,frame:115,500,300,0,0,373.5,800,2769,2348,4125
265,0,10,100,1,0,0,0,373.5,99,65,136,frame:10,373.5,frame:10,90,frame:10,0,1,373.5,frame:115,500,300,0,0,373.5,800,2769,2348,4125
266,0,10,100,1,0,0,0,373.5,99,65,136,frame:10,373.5,frame:10,90,frame:10,0,1,373.5,frame:115,500,300,0,0,373.5,800,2769,2348,4125
267,0,10,100,1,0,0,0,373.5,99,65,136,frame:10,373.5,frame:10,90,frame:10,0,1,373.5,frame:115,500,300,0,0,373.5,800,2769,2348,4125
268,0,10,100,1,0,0,0,373.5,99,65,136,frame:10,373.5,frame:10,90,frame:10,0,1,373.5,frame:115,500,300,0,0,373.5,800,2769,2348,4125
269,0,10,100,1,0,0,0,373.5,99,65,136,frame:10,373.5,frame:10,90,frame:10,0,1,373.5,frame:115,500,300,0,0,373.5,800,2769,2348,4125
270,0,10,100,1,0,0,0,373.5,99,65,136,frame:10,373.5,frame:10,90,frame:10,0,1,373.5,frame:115,500,300,0,0,373.5,800,2769,2348,4125
271,0,10,100,1,0,0,0,134,80,65,135,frame:10,134,frame:10,0,frame:10,0,1,134,frame:115,500,300,0,0,134,800,2769,2348,4125
272,0,10,100,1,0,0,0,134,80,65,135,frame:10,134,frame:10,0,frame:10,0,1,134,frame:115,500,300,0,0,134,800,2769,2348,4125
273,0,10,100,1,0,0,0,134,80,65,135,frame:10,134,frame:10,0,frame:10,0,1,134,frame:115,500,300,0,0,134,800,2769,2348,4125
274,0,10,100,1,0,0,0,134,80,65,135,frame:10,134,frame:10,0,frame:10,0,1,134,frame:115,500,300,0,0,134,800,2769,2348,4125
275,0,10,100,1,0,0,0,134,80,65,135,frame:10,134,frame:10,0,frame:10,0,1,134,frame:115,500,300,0,0,134,800,2769,2348,4125
276,0,10,100,1,0,0,0,134,80,65,135,frame:10,134,frame:10,0,frame:10,0,1,134,frame:115,500,300,0,0,134,800,2769,2348,4125
277,0,10,100,1,0,0,0,134,80,65,135,frame:10,134,frame:10,0,frame:10,0,1,134,frame:115,500,300,0,0,134,800,2769,2348,4125
278,0,10,100,1,0,0,0,134,80,65,135,frame:10,134,frame:10,0,frame:10,0,1,134,frame:115,500,300,0,0,134,800,2769,2348,4125
279,0,10,100,1,0,0,0,134,80,65,135,frame:10,134,frame:10,0,frame:10,0,1,134,frame:115,500,300,0,0,134,800,2769,2348,4125
280,0,10,100,1,0,0,0,377,80,65,135,frame:10,377,frame:10,90,frame:10,0,1,377,frame:115,500,300,0,0,377,800,2769,2348,4125
281,0,10,100,1,0,0,0,377,80,65,135,frame:10,377,frame:10,90,frame:10,0,1,377,frame:115,500,300,0,0,377,800,2769,2348,4125
282,0,10,100,1,0,0,0,377,80,65,135,frame:10,377,frame:10,90,frame:10,0,1,377,frame:115,500,300,0,0,377,800,2769,2348,4125
283,0,10,100,1,0,0,0,377,80,65,135,frame:10,377,frame:10,90,frame:10,0,1,377,frame:115,500,300,0,0,377,800,2769,2348,4125
284,0,10,100,1,0,0,0,377,80,65,135,frame:10,377,frame:10,90,frame:10,0,1,377,frame:115,500,300,0,0,377,800,2769,2348,4125
285,0,10,100,1,0,0,0,377,80,65,135,frame:10,377,frame:10,90,frame:10,0,1,377,frame:115,500,300,0,0,377,800,2769,2348,4125
286,0,10,100,1,0,0,0,377,80,65,135,frame:10,377,frame:10,90,frame:10,0,1,377,frame:115,500,300,0,0,377,800,2769,2348,4125
287,0,10,100,1,0,0,0,377,80,65,135,frame:10,377,frame:10,90,frame:10,0,1,377,frame:115,500,300,0,0,377,800,2769,2348,4125
288,0,10,100,1,0,0,0,377,80,65,135,frame:10,377,frame:10,90,frame:10,0,1,377,frame:115,500,300,0,0,377,800,2769,2348,4125